id,first_name,last_name,gender,career_aspiration,math_score
1,Paul,Casey,male,Lawyer,73
2,Danielle,Sandoval,female,Doctor,90
3,Tina,Andrews,female,Government Officer,81
4,Tara,Clark,female,Artist,71
5,Anthony,Campos,male,Unknown,84
6,Kelly,Wade,female,Unknown,93
7,Anthony,Smith,male,Software Engineer,99
8,George,Short,male,Software Engineer,95
9,Stanley,Gutierrez,male,Unknown,94
10,Audrey,Simpson,female,Teacher,98
11,Gabrielle,White,female,Teacher,65
12,Clinton,Randolph,male,Unknown,80
13,Patricia,Gomez,female,Business Owner,94
14,Pamela,Jackson,female,Business Owner,66
15,Laura,Jackson,female,Doctor,96
16,Roger,Wiley,male,Business Owner,94
17,Vicki,Thompson,female,Scientist,92
18,Maxwell,Davidson,male,Software Engineer,86
19,Jonathan,Werner,male,Doctor,92
20,Angela,Rios,female,Software Engineer,99
21,Tim,Nichols,male,Software Engineer,100
22,Kyle,Willis,male,Business Owner,57
23,Shannon,Simpson,female,Business Owner,89
24,Sean,Griffin,male,Business Owner,50
25,Cassandra,West,female,Software Engineer,87
26,Patricia,Chavez,female,Doctor,92
27,Jason,Williams,male,Banker,100
28,Peter,Gibbs,male,Writer,64
29,Jeffrey,Blanchard,male,Accountant,79
30,Carol,Hill,female,Accountant,82
31,Angie,Miller,female,Software Engineer,88
32,Cynthia,Knapp,female,Designer,70
33,Timothy,Bryant,male,Accountant,77
34,Phyllis,Diaz,female,Banker,99
35,Lisa,Burns,female,Unknown,90
36,Kelly,Farley,female,Unknown,65
37,Ryan,Lee,male,Construction Engineer,99
38,Michael,Gilmore,male,Construction Engineer,92
39,Miguel,Martinez,male,Banker,77
40,Christopher,Taylor,male,Accountant,92
41,Emily,Holloway,female,Software Engineer,85
42,Jesus,Rasmussen,male,Business Owner,65
43,Lauren,Farmer,female,Business Owner,93
44,Pamela,Cole,female,Game Developer,97
45,David,Gillespie,male,Business Owner,54
46,Kenneth,Davis,male,Business Owner,88
47,Elizabeth,Martin,female,Lawyer,71
48,Billy,Soto,male,Stock Investor,81
49,Kimberly,Kelly,female,Unknown,80
50,Sonia,Noble,female,Accountant,100
51,Christopher,Stewart,male,Stock Investor,76
52,Sandra,Thornton,female,Lawyer,99
53,Luke,Shannon,male,Business Owner,64
54,Lindsay,Pruitt,female,Banker,90
55,Jamie,Taylor,male,Game Developer,85
56,Jennifer,Murphy,female,Software Engineer,91
57,Melissa,Lee,female,Unknown,95
58,David,Vaughn,male,Banker,94
59,Jacob,Hanson,male,Software Engineer,94
60,Casey,May,male,Software Engineer,89
61,Michelle,Roman,female,Game Developer,91
62,Brittany,Koch,female,Lawyer,83
63,Brian,Lewis,male,Business Owner,98
64,Veronica,Cameron,female,Banker,83
65,Eric,Reyes,male,Construction Engineer,91
66,Kristy,Weber,female,Business Owner,90
67,Anthony,Smith,male,Software Engineer,92
68,Steven,Stephens,male,Real Estate Developer,64
69,Henry,Davis,male,Software Engineer,90
70,Raymond,Shea,male,Banker,99
71,Jill,Perez,female,Designer,89
72,Kimberly,Bonilla,female,Writer,62
73,Louis,Edwards,male,Business Owner,61
74,Michael,Hodge,male,Business Owner,51
75,Anna,Li,female,Software Engineer,85
76,Andrea,Case,female,Software Engineer,99
77,Jennifer,Garcia,female,Software Engineer,87
78,Rhonda,Davenport,female,Unknown,75
79,Chelsea,Craig,female,Unknown,88
80,Shawn,Chase,male,Software Engineer,87
81,Elizabeth,Calhoun,female,Business Owner,87
82,Lisa,Harris,female,Stock Investor,76
83,Carol,Snyder,female,Government Officer,60
84,Charles,Butler,male,Scientist,85
85,James,Dawson,male,Unknown,73
86,Dennis,Kim,male,Software Engineer,85
87,Jennifer,Berry,female,Government Officer,91
88,Yvette,Bridges,female,Software Engineer,99
89,Robert,Atkins,male,Stock Investor,93
90,William,Brown,male,Software Engineer,89
91,Patrick,Parker,male,Accountant,95
92,James,Santiago,male,Government Officer,68
93,Robert,Parsons,male,Software Engineer,98
94,Jacob,Brown,male,Stock Investor,79
95,Natalie,Robinson,female,Unknown,78
96,Victoria,Jones,female,Software Engineer,100
97,Natasha,Hansen,female,Artist,86
98,Thomas,White,male,Real Estate Developer,87
99,Derrick,Figueroa,male,Lawyer,100
100,Kimberly,Ward,female,Game Developer,85
101,Rhonda,Jones,female,Artist,87
102,Abigail,Perez,female,Software Engineer,96
103,James,Yang,male,Writer,76
104,Stephen,Patton,male,Artist,90
105,Emma,Wright,female,Business Owner,65
106,Cynthia,Brown,female,Real Estate Developer,98
107,Erin,Kelley,female,Accountant,91
108,Benjamin,Morse,male,Scientist,86
109,Alexandra,Gibson,female,Unknown,91
110,Phillip,Allen,male,Accountant,78
111,Joshua,Gonzalez,male,Stock Investor,76
112,Erin,Jones,female,Business Owner,82
113,Charles,Hayes,male,Business Owner,45
114,Kelsey,Brown,female,Banker,92
115,Robert,Turner,male,Business Owner,43
116,Robert,Hill,male,Unknown,96
117,Alyssa,Ritter,female,Business Owner,78
118,Beth,Bell,female,Unknown,68
119,Andrew,Dixon,male,Software Engineer,93
120,Crystal,Walker,female,Business Owner,55
121,Jordan,Bennett,female,Teacher,66
122,Antonio,Caldwell,male,Doctor,98
123,Jacob,Reyes,male,Doctor,94
124,Wendy,Lewis,female,Doctor,96
125,Jennifer,Miller,female,Unknown,69
126,Lisa,Ware,female,Unknown,77
127,Brian,Lee,male,Game Developer,89
128,Mario,Taylor,male,Accountant,96
129,Amanda,Williamson,female,Unknown,82
130,Michael,Miller,male,Unknown,99
131,Amanda,Vasquez,female,Stock Investor,96
132,Chelsea,Obrien,female,Banker,95
133,Tina,Perkins,female,Software Engineer,90
134,Cory,Perez,male,Business Owner,88
135,Christopher,Jenkins,male,Designer,87
136,Joanne,Campos,female,Designer,62
137,David,Patel,male,Banker,85
138,Michelle,Hill,female,Banker,79
139,Jessica,Boyd,female,Software Engineer,90
140,Lawrence,Russell,male,Doctor,97
141,James,Singh,male,Software Engineer,88
142,Marc,Villanueva,male,Artist,71
143,Cathy,Wilson,female,Lawyer,70
144,Adam,Mitchell,male,Software Engineer,93
145,Sherry,Phillips,female,Game Developer,92
146,Victor,Jones,male,Real Estate Developer,83
147,Mark,Young,male,Business Owner,68
148,Matthew,Jackson,male,Lawyer,92
149,Tanya,Nichols,female,Unknown,69
150,Julie,Gray,female,Business Owner,76
151,Courtney,Perry,female,Unknown,86
152,Stephen,Rodriguez,male,Business Owner,41
153,Elizabeth,Robinson,female,Unknown,91
154,William,Graves,male,Real Estate Developer,78
155,Nancy,Moore,female,Software Engineer,89
156,Matthew,Newman,male,Unknown,96
157,Anita,Moore,female,Unknown,66
158,Brian,Sanchez,male,Business Owner,97
159,Dennis,Phillips,male,Business Owner,49
160,Michael,Rivas,male,Unknown,88
161,Ryan,Smith,male,Unknown,92
162,Anthony,Sullivan,male,Construction Engineer,96
163,Troy,Shepherd,male,Construction Engineer,86
164,Nicholas,Clayton,male,Doctor,86
165,Denise,Schneider,female,Teacher,88
166,Lisa,Silva,female,Game Developer,92
167,Laura,Reilly,female,Business Owner,87
168,Amy,Peterson,female,Unknown,89
169,Fernando,Sexton,male,Unknown,97
170,Evan,Christian,male,Software Engineer,100
171,Rebecca,Norris,female,Lawyer,91
172,Erica,Marks,female,Stock Investor,81
173,Rhonda,Webster,female,Accountant,82
174,John,Bennett,male,Lawyer,100
175,Amanda,Murphy,female,Business Owner,65
176,Jeremy,Barnes,male,Unknown,68
177,John,Brown,male,Accountant,97
178,Traci,Boyd,female,Banker,76
179,Elizabeth,Butler,female,Software Engineer,91
180,Alex,Clark,male,Construction Engineer,85
181,Christopher,Wolfe,male,Unknown,68
182,Jason,Bell,male,Lawyer,73
183,Victoria,Donaldson,female,Unknown,65
184,Logan,Cox,male,Business Owner,46
185,Rachel,Hill,female,Software Engineer,92
186,Jenny,Lloyd,female,Artist,69
187,Joan,Cohen,female,Real Estate Developer,78
188,Kimberly,Lopez,female,Business Owner,92
189,Steven,Walker,male,Unknown,70
190,Sonia,Bowers,female,Scientist,95
191,Penny,Perez,female,Game Developer,99
192,Mike,Harris,male,Software Engineer,96
193,Vanessa,Sweeney,female,Game Developer,85
194,Adam,Edwards,male,Stock Investor,91
195,Angelica,Johnson,female,Scientist,85
196,Tiffany,Hernandez,female,Stock Investor,94
197,Mark,Myers,male,Software Engineer,95
198,Erica,Cochran,female,Teacher,69
199,Karen,Watson,female,Software Engineer,95
200,Kathryn,Frazier,female,Lawyer,94
201,Anthony,Jackson,male,Accountant,82
202,Jordan,Perez,male,Software Engineer,99
203,Jennifer,Burgess,female,Accountant,85
204,Christina,Davis,female,Accountant,100
205,April,Ryan,female,Artist,98
206,Maxwell,Davis,male,Software Engineer,97
207,Matthew,Guzman,male,Unknown,99
208,Robert,Mayer,male,Accountant,99
209,Amanda,Willis,female,Banker,75
210,Michele,Thomas,female,Teacher,63
211,Tim,Turner,male,Doctor,96
212,Joe,Strickland,male,Construction Engineer,91
213,Trevor,Cruz,male,Business Owner,52
214,Melissa,Roberts,female,Doctor,99
215,Tammy,Miller,female,Banker,84
216,Chad,Morgan,male,Artist,100
217,Samantha,Maldonado,female,Banker,82
218,Marie,Martin,female,Banker,75
219,Theresa,Tucker,female,Unknown,66
220,Joseph,Morris,male,Banker,99
221,Charles,Parker,male,Real Estate Developer,99
222,Rachel,Alvarez,female,Software Engineer,95
223,Charles,Robertson,male,Software Engineer,99
224,Steven,York,male,Designer,65
225,Robert,Dougherty,male,Business Owner,85
226,Vanessa,Wheeler,female,Business Owner,69
227,Emily,Mcclure,female,Business Owner,75
228,Angela,Thomas,female,Software Engineer,91
229,Roberto,Evans,male,Real Estate Developer,92
230,Christopher,Perez,male,Unknown,62
231,William,Torres,male,Software Engineer,87
232,Lisa,Gardner,female,Software Engineer,97
233,Catherine,Owens,female,Government Officer,97
234,Keith,Summers,male,Designer,98
235,Linda,Adams,female,Software Engineer,96
236,Michael,Wright,male,Business Owner,98
237,Kyle,James,male,Lawyer,87
238,Christopher,Cook,male,Construction Engineer,96
239,John,Conley,male,Unknown,82
240,David,Barnett,male,Software Engineer,100
241,Peter,Garner,male,Software Engineer,91
242,Douglas,Stewart,male,Business Owner,87
243,Heidi,Jones,female,Banker,75
244,Jeremy,Daniels,male,Banker,86
245,Dustin,Dodson,male,Accountant,94
246,Christopher,Cohen,male,Accountant,99
247,Willie,Ellis,male,Government Officer,84
248,Robert,Hawkins,male,Stock Investor,92
249,Stacy,Jordan,female,Software Engineer,95
250,Robert,Swanson,male,Lawyer,90
251,Holly,Henderson,female,Artist,93
252,Debra,Valdez,female,Designer,69
253,Vincent,Robertson,male,Game Developer,97
254,Karen,Spencer,female,Accountant,76
255,Nathan,Riley,male,Unknown,85
256,Andrea,Sutton,female,Software Engineer,91
257,Tracey,Turner,female,Accountant,82
258,Tammy,Olsen,female,Business Owner,59
259,Sheila,Wilkinson,female,Business Owner,78
260,Nathan,Padilla,male,Construction Engineer,89
261,Sarah,Santiago,female,Software Engineer,86
262,Christopher,Cruz,male,Artist,76
263,Nicholas,Sanders,male,Unknown,79
264,Jessica,Waters,female,Lawyer,91
265,James,Miller,male,Business Owner,89
266,Adam,Kane,male,Unknown,97
267,Patricia,Gonzalez,female,Banker,100
268,Whitney,Holmes,female,Doctor,96
269,Rachel,Hamilton,female,Banker,94
270,Melissa,Marshall,female,Software Engineer,98
271,Jacob,Henderson,male,Business Owner,53
272,Melissa,Huerta,female,Business Owner,44
273,Kevin,Camacho,male,Unknown,85
274,Anthony,Martinez,male,Business Owner,51
275,Randy,Rodriguez,male,Lawyer,90
276,Patrick,Vazquez,male,Software Engineer,100
277,Kim,Flores,female,Business Owner,95
278,Robert,Salazar,male,Lawyer,76
279,Victoria,Vasquez,female,Designer,71
280,Ricardo,Macias,male,Banker,95
281,Brandi,Bauer,female,Software Engineer,92
282,Jorge,Roth,male,Scientist,82
283,Benjamin,Davis,male,Lawyer,85
284,Nancy,Pierce,female,Artist,82
285,Catherine,Weiss,female,Stock Investor,98
286,Jacob,Perez,male,Doctor,93
287,Penny,Zuniga,female,Lawyer,84
288,Anthony,Cox,male,Unknown,81
289,Angela,Nelson,female,Business Owner,62
290,Lisa,White,female,Software Engineer,92
291,Robin,Parker,female,Teacher,64
292,Cynthia,Shields,female,Game Developer,89
293,Pamela,Wilkinson,female,Accountant,99
294,Brenda,Nichols,female,Banker,95
295,Laura,Rodriguez,female,Designer,72
296,Julie,Carey,female,Government Officer,68
297,Barbara,Andrews,female,Accountant,92
298,Tracy,Johnson,male,Game Developer,97
299,Sarah,Oconnor,female,Unknown,81
300,Joseph,Landry,male,Software Engineer,88
301,Terry,Chen,male,Stock Investor,76
302,Heather,Faulkner,female,Banker,77
303,Wanda,Baxter,female,Accountant,89
304,Amanda,Davis,female,Government Officer,65
305,Gina,Powell,female,Business Owner,82
306,Sabrina,Hall,female,Banker,77
307,Lauren,Miller,female,Teacher,66
308,Jessica,Diaz,female,Doctor,90
309,Ashley,Garcia,female,Real Estate Developer,73
310,Miranda,Johnson,female,Software Engineer,89
311,Tracy,Johnston,female,Business Owner,72
312,Erik,Butler,male,Scientist,87
313,Tiffany,Jones,female,Scientist,75
314,Brandy,Campbell,female,Teacher,80
315,Joel,Hicks,male,Unknown,85
316,John,Miller,male,Software Engineer,92
317,Nancy,Jones,female,Unknown,63
318,Jody,Mueller,female,Game Developer,99
319,Steven,Fox,male,Business Owner,87
320,Taylor,Klein,female,Software Engineer,87
321,David,Barron,male,Software Engineer,90
322,Kevin,Thompson,male,Doctor,94
323,Andrea,Walters,female,Unknown,86
324,David,Wright,male,Unknown,96
325,Anthony,Oconnor,male,Unknown,75
326,Laura,Miller,female,Lawyer,74
327,Steven,Barrett,male,Writer,96
328,Miranda,Ruiz,female,Government Officer,79
329,Matthew,Anderson,male,Lawyer,70
330,Kenneth,Flores,male,Unknown,79
331,Sydney,Johnson,female,Software Engineer,91
332,Carla,Lewis,female,Designer,90
333,Jeffrey,Shannon,male,Construction Engineer,87
334,Angela,Park,female,Teacher,69
335,Brandon,Smith,male,Business Owner,66
336,Kenneth,Moody,male,Government Officer,65
337,Scott,Hughes,male,Government Officer,83
338,Cody,Jimenez,male,Lawyer,100
339,Allen,Farmer,male,Software Engineer,85
340,James,Young,male,Business Owner,45
341,Laura,Dawson,female,Government Officer,73
342,Donald,Carson,male,Game Developer,95
343,Wayne,Lane,male,Lawyer,96
344,Robert,Johnson,male,Construction Engineer,94
345,Melissa,Le,female,Teacher,92
346,David,Rice,male,Business Owner,56
347,Dawn,Gomez,female,Banker,85
348,Ricky,Nichols,male,Designer,65
349,Henry,Pitts,male,Writer,64
350,Christopher,Price,male,Software Engineer,100
351,Aimee,Adams,female,Teacher,76
352,Tammy,Barry,female,Game Developer,97
353,Ryan,Hull,male,Unknown,95
354,Samuel,Jackson,male,Game Developer,85
355,Joshua,Smith,male,Construction Engineer,86
356,Sydney,Stevenson,female,Business Owner,100
357,Christopher,Rios,male,Unknown,65
358,Brenda,Collins,female,Lawyer,71
359,Diana,Griffin,female,Government Officer,80
360,Gary,Gray,male,Construction Engineer,91
361,Kimberly,Torres,female,Software Engineer,91
362,Jeffrey,Booker,male,Software Engineer,100
363,Nicole,Buchanan,female,Teacher,92
364,Kristin,Johnson,female,Banker,89
365,Emily,Bell,female,Accountant,93
366,Francis,Nelson,male,Unknown,81
367,Tracy,Harris,male,Designer,70
368,Sheila,Sosa,female,Unknown,61
369,Ashley,Mendez,female,Business Owner,62
370,Matthew,Griffin,male,Stock Investor,83
371,Timothy,Mann,male,Software Engineer,85
372,Christine,Foster,female,Business Owner,83
373,Julie,Yates,female,Business Owner,73
374,William,Ballard,male,Business Owner,61
375,Kristen,Adams,female,Unknown,77
376,Chelsea,Mitchell,female,Writer,77
377,Patrick,Everett,male,Unknown,99
378,Carla,Parker,female,Unknown,73
379,Casey,Galvan,male,Lawyer,95
380,Eric,Moran,male,Unknown,94
381,Tabitha,Hudson,female,Stock Investor,75
382,Lance,Salazar,male,Unknown,66
383,Melissa,Williamson,female,Software Engineer,91
384,James,Castro,male,Unknown,81
385,Joseph,Johnson,male,Business Owner,71
386,Gene,Woodward,male,Writer,77
387,Patricia,Watson,female,Doctor,91
388,John,Carey,male,Scientist,83
389,Sara,Cochran,female,Business Owner,75
390,Jamie,Suarez,female,Software Engineer,86
391,Steven,Frazier,male,Doctor,86
392,Nicholas,Hart,male,Software Engineer,85
393,Cheryl,Arias,female,Writer,62
394,Marc,Brock,male,Business Owner,100
395,Timothy,Perez,male,Business Owner,79
396,Courtney,Rodriguez,female,Lawyer,99
397,Samantha,Clark,female,Business Owner,46
398,Francisco,Reilly,male,Software Engineer,85
399,Denise,Young,female,Government Officer,85
400,Darrell,Williams,male,Software Engineer,85
401,Andrew,Smith,male,Stock Investor,99
402,Teresa,Stafford,female,Banker,84
403,Cory,Harris,male,Construction Engineer,85
404,Douglas,Irwin,male,Software Engineer,100
405,Deborah,Miller,female,Banker,86
406,Autumn,Hernandez,female,Unknown,79
407,Paul,Serrano,male,Accountant,76
408,Matthew,Griffin,male,Software Engineer,96
409,Evan,Holmes,male,Software Engineer,100
410,Cynthia,Baker,female,Software Engineer,88
411,Sandra,Melendez,female,Software Engineer,96
412,Claudia,Munoz,female,Software Engineer,92
413,Christopher,Nguyen,male,Doctor,87
414,David,Jennings,male,Accountant,95
415,Joel,Morris,male,Business Owner,44
416,Rhonda,Bradley,female,Banker,78
417,Melissa,Brown,female,Accountant,95
418,Matthew,Kramer,male,Business Owner,57
419,Austin,Bass,male,Software Engineer,86
420,Jennifer,West,female,Writer,92
421,Patricia,Mccormick,female,Teacher,69
422,Sandra,Jacobs,female,Designer,91
423,Jasmine,Clark,female,Accountant,79
424,Jeffrey,Young,male,Software Engineer,93
425,Jason,Hernandez,male,Unknown,90
426,Christopher,Hamilton,male,Doctor,99
427,Monique,Peterson,female,Banker,90
428,Jill,Sexton,female,Artist,71
429,Jennifer,Kemp,female,Lawyer,98
430,David,Harris,male,Scientist,94
431,Cheryl,Snyder,female,Stock Investor,92
432,Nathan,Armstrong,male,Software Engineer,100
433,Patrick,Ryan,male,Business Owner,48
434,Christian,Wilkins,male,Real Estate Developer,63
435,Clinton,Martin,male,Software Engineer,89
436,Adriana,Sandoval,female,Stock Investor,88
437,Jeremy,Harvey,male,Real Estate Developer,98
438,Caitlin,Murillo,female,Business Owner,92
439,Andrew,Green,male,Doctor,80
440,Rodney,Bennett,male,Construction Engineer,92
441,Megan,Moyer,female,Artist,82
442,Mathew,Burns,male,Stock Investor,84
443,Tammie,Stanley,female,Teacher,61
444,James,Glover,male,Software Engineer,99
445,Michelle,Reeves,female,Accountant,83
446,Rhonda,Hall,female,Business Owner,56
447,Matthew,Kidd,male,Business Owner,65
448,Joseph,Stone,male,Designer,94
449,Jessica,Mendoza,female,Software Engineer,90
450,Susan,Brown,female,Lawyer,94
451,Lori,Ryan,female,Unknown,89
452,Ryan,Cruz,male,Accountant,89
453,Nicholas,Johnson,male,Doctor,88
454,Joseph,Schmidt,male,Stock Investor,76
455,Daniel,Brown,male,Designer,88
456,Harold,Vazquez,male,Software Engineer,88
457,Lance,Parsons,male,Real Estate Developer,54
458,Jill,Mathews,female,Banker,87
459,Crystal,Nguyen,female,Artist,95
460,Susan,Perez,female,Designer,72
461,Brenda,Powers,female,Real Estate Developer,95
462,Samuel,Thompson,male,Software Engineer,91
463,Taylor,Nelson,female,Lawyer,79
464,Kimberly,West,female,Doctor,80
465,Brad,Lee,male,Business Owner,86
466,Clayton,Green,male,Software Engineer,88
467,Richard,Anderson,male,Construction Engineer,83
468,Antonio,Flores,male,Doctor,84
469,Margaret,Mullins,female,Software Engineer,85
470,Michael,Ball,male,Software Engineer,91
471,Allen,Booth,male,Banker,83
472,Stephanie,Clark,female,Real Estate Developer,97
473,Sharon,Nelson,female,Real Estate Developer,63
474,Marco,Clark,male,Doctor,92
475,Victor,Smith,male,Business Owner,78
476,Christina,Patterson,female,Lawyer,78
477,Jerry,Knight,male,Stock Investor,89
478,Madison,Jacobs,female,Real Estate Developer,53
479,Douglas,Watson,male,Unknown,63
480,Manuel,Barrett,male,Unknown,100
481,Janet,Martin,female,Business Owner,79
482,Teresa,Flores,female,Real Estate Developer,93
483,Anthony,Mullins,male,Artist,97
484,Julie,Zamora,female,Unknown,76
485,Maria,Nguyen,female,Accountant,84
486,Selena,Castro,female,Business Owner,56
487,Whitney,Miller,female,Unknown,97
488,Brenda,Mooney,female,Business Owner,67
489,Angela,Allen,female,Business Owner,97
490,Erica,Cohen,female,Business Owner,100
491,Kelly,Sanders,female,Teacher,83
492,Michael,Clark,male,Artist,85
493,Tammy,Fields,female,Banker,100
494,Steven,Pennington,male,Doctor,92
495,Matthew,Chavez,male,Writer,88
496,Stephen,Gallagher,male,Lawyer,95
497,Victoria,Anderson,female,Stock Investor,76
498,Thomas,Schroeder,male,Accountant,79
499,Mark,Sanchez,male,Software Engineer,93
500,Katelyn,Moses,female,Accountant,79
501,Corey,Davis,male,Stock Investor,98
502,Susan,Klein,female,Business Owner,93
503,John,Martinez,male,Banker,91
504,Kendra,Robertson,female,Software Engineer,86
505,Tamara,Olson,female,Unknown,81
506,Sara,Frazier,female,Government Officer,97
507,Morgan,Moore,female,Game Developer,90
508,Eric,Snyder,male,Software Engineer,90
509,Paul,Hale,male,Construction Engineer,82
510,Dale,Martinez,male,Software Engineer,91
511,Sandra,Prince,female,Lawyer,70
512,Dawn,Poole,female,Unknown,60
513,Emily,Jordan,female,Doctor,85
514,John,Owen,male,Lawyer,82
515,Andrew,Best,male,Construction Engineer,83
516,Holly,Burns,female,Doctor,96
517,Alicia,Rodriguez,female,Software Engineer,85
518,Erin,Ray,female,Real Estate Developer,95
519,Todd,Griffith,male,Software Engineer,97
520,Melinda,Payne,female,Teacher,95
521,Cynthia,Williams,female,Unknown,69
522,Jenny,Washington,female,Business Owner,84
523,Angela,Joyce,female,Banker,92
524,William,Alvarado,male,Business Owner,87
525,Michael,Mercer,male,Banker,97
526,Erin,Miller,female,Business Owner,92
527,Robert,Heath,male,Unknown,72
528,Deborah,Rojas,female,Business Owner,50
529,Diana,Jones,female,Doctor,97
530,Meredith,Clark,female,Software Engineer,89
531,Christina,Garrett,female,Scientist,77
532,Daniel,Jackson,male,Stock Investor,91
533,Bradley,Robinson,male,Business Owner,64
534,Phyllis,Schneider,female,Unknown,71
535,Thomas,Clark,male,Business Owner,56
536,Gregory,Gonzalez,male,Game Developer,87
537,Michelle,Roth,female,Software Engineer,99
538,Christopher,Murphy,male,Lawyer,98
539,Mark,Davis,male,Unknown,87
540,Lauren,Harrington,female,Software Engineer,88
541,Michelle,Owens,female,Business Owner,71
542,Scott,Weaver,male,Construction Engineer,96
543,Monica,Williams,female,Accountant,81
544,Kathryn,Hampton,female,Business Owner,94
545,Christina,Shields,female,Doctor,94
546,Andrew,Thomas,male,Lawyer,98
547,Holly,Sexton,female,Business Owner,100
548,Christopher,Peterson,male,Designer,66
549,Eric,Murray,male,Doctor,94
550,Kristina,Watson,female,Game Developer,83
551,Greg,Martin,male,Business Owner,92
552,Paul,Shaffer,male,Software Engineer,93
553,Alexander,Daniel,male,Government Officer,69
554,Carla,Davis,female,Software Engineer,94
555,Chelsea,Clark,female,Stock Investor,100
556,Justin,Douglas,male,Unknown,96
557,Charles,Reid,male,Lawyer,76
558,Courtney,Moreno,female,Business Owner,77
559,Justin,Mitchell,male,Artist,84
560,Bruce,Woods,male,Software Engineer,95
561,Christopher,Hines,male,Accountant,90
562,Theodore,Williams,male,Unknown,96
563,Jennifer,Valdez,female,Business Owner,80
564,Alexandra,Day,female,Software Engineer,87
565,John,Pacheco,male,Business Owner,94
566,Sherry,Brown,female,Artist,87
567,Douglas,Clark,male,Software Engineer,95
568,Alex,Farmer,male,Construction Engineer,85
569,Brandon,Gonzales,male,Business Owner,67
570,Wayne,Trevino,male,Government Officer,84
571,Pamela,Horne,female,Game Developer,83
572,Michael,Schaefer,male,Business Owner,67
573,Carlos,Ramirez,male,Banker,75
574,Antonio,Lucero,male,Government Officer,67
575,Terry,Ashley,male,Business Owner,67
576,Rita,Cochran,female,Artist,72
577,Joseph,Gregory,male,Government Officer,78
578,Alexandra,Robinson,female,Doctor,85
579,Tina,Sparks,female,Stock Investor,100
580,Christopher,Buchanan,male,Business Owner,56
581,Christina,Guerrero,female,Scientist,93
582,Jessica,Hutchinson,female,Banker,89
583,Tyler,Carrillo,male,Real Estate Developer,59
584,Lindsay,Brady,female,Unknown,99
585,Gary,Rivera,male,Lawyer,89
586,Luke,Moore,male,Software Engineer,86
587,Tanya,Green,female,Banker,79
588,Bryan,Lee,male,Doctor,96
589,Melanie,Bridges,female,Doctor,95
590,Eric,Bowers,male,Doctor,96
591,Meredith,Reed,female,Unknown,95
592,David,Brown,male,Unknown,80
593,William,Johns,male,Stock Investor,86
594,Eric,Patton,male,Business Owner,42
595,Wendy,Warner,female,Lawyer,80
596,Timothy,Powell,male,Artist,79
597,Victoria,Thompson,female,Business Owner,43
598,Jeremy,Brown,male,Real Estate Developer,58
599,Barbara,Schneider,female,Accountant,86
600,Lindsay,Morales,female,Doctor,96
601,Gary,Patel,male,Lawyer,91
602,Michelle,Ortiz,female,Unknown,85
603,Susan,Lynch,female,Artist,87
604,Tammy,Hernandez,female,Unknown,60
605,Jennifer,Guerra,female,Unknown,76
606,Kelly,Schwartz,female,Lawyer,84
607,Brittany,Orozco,female,Lawyer,87
608,Samantha,Alvarado,female,Accountant,82
609,Christopher,Anderson,male,Business Owner,64
610,William,Smith,male,Lawyer,77
611,Courtney,Patterson,female,Stock Investor,86
612,Kevin,Hess,male,Real Estate Developer,81
613,Melissa,Higgins,female,Software Engineer,91
614,Elizabeth,Chavez,female,Business Owner,72
615,Mary,Taylor,female,Writer,80
616,Joshua,Parker,male,Unknown,90
617,Joshua,Kelly,male,Business Owner,72
618,Travis,Ross,male,Software Engineer,93
619,Kenneth,Buchanan,male,Doctor,95
620,Ryan,Clarke,male,Doctor,86
621,Gina,Solomon,female,Business Owner,89
622,David,Madden,male,Unknown,90
623,William,Brennan,male,Unknown,79
624,Judy,Mckenzie,female,Teacher,86
625,Logan,Lindsey,male,Artist,83
626,Kyle,Williams,male,Lawyer,85
627,Mark,Padilla,male,Artist,66
628,Eugene,Clark,male,Accountant,93
629,Sean,Wagner,male,Unknown,65
630,Christine,Larson,female,Real Estate Developer,52
631,Melinda,Freeman,female,Banker,90
632,Elizabeth,Smith,female,Artist,83
633,Walter,King,male,Artist,62
634,Lisa,Bean,female,Writer,98
635,Douglas,Hayes,male,Unknown,76
636,Heather,Jefferson,female,Game Developer,97
637,Melinda,Byrd,female,Business Owner,63
638,Alexander,Burnett,male,Artist,98
639,Maria,Campos,female,Business Owner,78
640,Lindsey,Anthony,female,Stock Investor,85
641,Darryl,Schultz,male,Business Owner,59
642,Bethany,French,female,Unknown,99
643,Tyler,Scott,male,Accountant,76
644,Patricia,Hall,female,Lawyer,80
645,Ryan,Williams,male,Business Owner,82
646,Levi,Mason,male,Software Engineer,89
647,Michael,Vang,male,Software Engineer,89
648,April,Humphrey,female,Software Engineer,86
649,Steven,Hancock,male,Business Owner,65
650,Chelsea,Olson,female,Banker,77
651,Emily,Huang,female,Banker,88
652,Rachel,Jones,female,Accountant,98
653,Philip,Walker,male,Lawyer,84
654,Laura,Rivera,female,Software Engineer,91
655,Pamela,Henry,female,Doctor,97
656,Nicole,Davidson,female,Banker,77
657,Jeffery,Parker,male,Doctor,100
658,Christopher,Banks,male,Software Engineer,93
659,Tara,Griffin,female,Banker,93
660,Lisa,Lloyd,female,Banker,94
661,Elizabeth,Maldonado,female,Banker,88
662,Samuel,Anderson,male,Business Owner,93
663,Xavier,Johnson,male,Construction Engineer,83
664,Lauren,Cordova,female,Lawyer,96
665,Amanda,Hawkins,female,Accountant,87
666,Donald,Coleman,male,Lawyer,95
667,Phillip,Bennett,male,Accountant,87
668,John,George,male,Business Owner,43
669,Katherine,Moore,female,Business Owner,40
670,Jose,Dominguez,male,Real Estate Developer,64
671,Lauren,Morrow,female,Unknown,72
672,Katie,Davenport,female,Lawyer,77
673,Michelle,Martinez,female,Business Owner,40
674,Jeremiah,Stanley,male,Construction Engineer,100
675,Isaac,Tucker,male,Software Engineer,89
676,Hannah,Garcia,female,Software Engineer,97
677,Thomas,Nelson,male,Unknown,100
678,William,Kennedy,male,Lawyer,81
679,Jennifer,Williams,female,Business Owner,100
680,Jeffrey,Price,male,Designer,80
681,Zachary,Burns,male,Accountant,79
682,Curtis,Duffy,male,Software Engineer,96
683,Allison,Alvarado,female,Accountant,95
684,Jeffery,Kelley,male,Unknown,86
685,Kenneth,Clark,male,Lawyer,86
686,Hayley,Case,female,Unknown,87
687,Vanessa,Martinez,female,Accountant,94
688,Tara,Thomas,female,Doctor,88
689,Aaron,Williamson,male,Artist,88
690,Phillip,Nelson,male,Unknown,76
691,Michael,Hinton,male,Construction Engineer,84
692,Alex,Shelton,male,Software Engineer,96
693,Ross,Esparza,male,Business Owner,57
694,Lisa,Murphy,female,Teacher,93
695,Richard,Gibson,male,Unknown,88
696,Jackson,Olson,male,Construction Engineer,89
697,Michael,Waters,male,Construction Engineer,80
698,Daniel,Mcneil,male,Banker,94
699,James,Mcgee,male,Construction Engineer,99
700,Dennis,Park,male,Banker,81
701,Gregory,Jones,male,Unknown,91
702,Barbara,Petersen,female,Writer,71
703,Andrea,Baker,female,Unknown,61
704,Robert,Holmes,male,Unknown,87
705,Autumn,Jones,female,Software Engineer,93
706,Richard,Davis,male,Accountant,92
707,Anthony,Armstrong,male,Banker,96
708,Julian,Ortiz,male,Artist,83
709,Melinda,Sanchez,female,Teacher,78
710,James,Carter,male,Banker,82
711,Alejandra,Johns,female,Accountant,94
712,Susan,Long,female,Doctor,93
713,Sharon,Allen,female,Teacher,80
714,Leah,Brown,female,Business Owner,55
715,Maria,Barker,female,Government Officer,94
716,Kelly,Church,female,Writer,72
717,Michael,Walsh,male,Software Engineer,98
718,Alyssa,Gallagher,female,Unknown,71
719,Kelly,Morris,female,Software Engineer,99
720,Ryan,Brown,male,Stock Investor,97
721,Maria,Hall,female,Business Owner,85
722,Mark,Brown,male,Unknown,100
723,William,Kerr,male,Banker,89
724,Jake,Gonzalez,male,Banker,76
725,Theresa,Gray,female,Designer,100
726,Ashley,Ayers,female,Real Estate Developer,77
727,Ann,Mccann,female,Software Engineer,85
728,Curtis,Bennett,male,Lawyer,70
729,Debra,Gutierrez,female,Lawyer,76
730,Linda,West,female,Lawyer,75
731,Justin,Hughes,male,Stock Investor,97
732,Jose,Jackson,male,Business Owner,72
733,Larry,Smith,male,Stock Investor,84
734,Austin,Dunn,male,Unknown,84
735,Michael,Heath,male,Doctor,94
736,Beth,Acosta,female,Designer,80
737,Tracie,Weeks,female,Software Engineer,87
738,Brandi,Ray,female,Stock Investor,93
739,Carla,Brandt,female,Game Developer,87
740,Thomas,Cruz,male,Business Owner,64
741,Nicholas,Martin,male,Software Engineer,96
742,Breanna,Lee,female,Scientist,97
743,Angie,White,female,Artist,62
744,William,Lester,male,Business Owner,97
745,Joshua,Miller,male,Software Engineer,85
746,Thomas,Stone,male,Unknown,68
747,Sarah,King,female,Business Owner,45
748,Jeffery,Carlson,male,Business Owner,86
749,Ashley,Gutierrez,female,Software Engineer,97
750,Adam,Herring,male,Software Engineer,93
751,David,Ramirez,male,Software Engineer,85
752,Angela,Brown,female,Designer,88
753,Eric,Jones,male,Artist,100
754,Angel,Garner,male,Software Engineer,93
755,Lisa,Cowan,female,Artist,70
756,Nicole,Perry,female,Banker,82
757,Annette,Wells,female,Business Owner,41
758,Ian,Scott,male,Banker,94
759,Kari,Hernandez,female,Designer,67
760,Mary,Haynes,female,Government Officer,89
761,Raymond,Smith,male,Doctor,82
762,Christopher,Ayala,male,Software Engineer,96
763,Jacqueline,Frazier,female,Accountant,94
764,Jesse,Kelly,male,Construction Engineer,84
765,Teresa,Lee,female,Software Engineer,87
766,Michael,Aguirre,male,Software Engineer,90
767,April,Delgado,female,Scientist,86
768,Troy,Prince,male,Business Owner,48
769,Martha,Summers,female,Business Owner,49
770,William,Dean,male,Unknown,90
771,Cheryl,Gutierrez,female,Business Owner,40
772,Diane,Spears,female,Unknown,78
773,Brian,David,male,Software Engineer,87
774,Heather,Brooks,female,Accountant,79
775,Pamela,Rodgers,female,Game Developer,100
776,Betty,Nash,female,Unknown,71
777,Heather,Donaldson,female,Banker,77
778,Ebony,Shepherd,female,Lawyer,83
779,Sean,Thomas,male,Software Engineer,96
780,Todd,Howard,male,Unknown,91
781,Julia,Richmond,female,Business Owner,71
782,Mary,Mccormick,female,Unknown,84
783,Jimmy,Warren,male,Software Engineer,91
784,Henry,Spencer,male,Real Estate Developer,59
785,Peter,Yates,male,Doctor,89
786,Robert,Campbell,male,Banker,81
787,Matthew,Conway,male,Accountant,77
788,Tyler,Calderon,male,Business Owner,72
789,Brittney,Moon,female,Teacher,91
790,Tracy,White,female,Doctor,88
791,Gregory,Welch,male,Doctor,94
792,Caroline,Cooper,female,Real Estate Developer,67
793,Kelly,Rivera,female,Unknown,88
794,Stacey,Wilson,female,Unknown,67
795,Craig,Graham,male,Lawyer,95
796,Earl,Santana,male,Government Officer,96
797,Lisa,Mitchell,female,Banker,87
798,Michael,Williams,male,Banker,85
799,Jerry,Jones,male,Government Officer,88
800,Matthew,Miles,male,Business Owner,94
801,Mary,Cox,female,Teacher,67
802,Jessica,Young,female,Software Engineer,92
803,Tiffany,Small,female,Accountant,76
804,Mary,Wyatt,female,Software Engineer,86
805,Maria,Mercer,female,Software Engineer,94
806,Erin,Moore,female,Software Engineer,100
807,Kendra,Dalton,female,Lawyer,74
808,Anthony,Gomez,male,Unknown,99
809,Molly,Jackson,female,Business Owner,66
810,Brianna,Gutierrez,female,Scientist,99
811,John,Henderson,male,Unknown,97
812,Steven,Martin,male,Banker,81
813,Tina,Bowers,female,Banker,95
814,Luis,Jones,male,Business Owner,55
815,Jeffrey,Thomas,male,Real Estate Developer,50
816,Jeffrey,Cox,male,Software Engineer,98
817,Jennifer,Bautista,female,Accountant,88
818,Judy,Pugh,female,Software Engineer,87
819,Henry,Craig,male,Government Officer,73
820,Steven,Alvarez,male,Business Owner,46
821,Rebecca,Mckay,female,Banker,88
822,James,Reynolds,male,Software Engineer,95
823,Heather,Bentley,female,Artist,73
824,Alexis,Hall,female,Designer,70
825,Ryan,Soto,male,Construction Engineer,84
826,Brent,Clements,male,Doctor,88
827,Thomas,Hernandez,male,Unknown,66
828,Kevin,Mack,male,Business Owner,46
829,Patrick,Kirk,male,Lawyer,71
830,Christopher,Jenkins,male,Designer,76
831,Cassandra,Hodges,female,Designer,78
832,Christian,Powers,male,Business Owner,100
833,Brittany,Collier,female,Government Officer,73
834,James,Bridges,male,Game Developer,96
835,Alexander,Fowler,male,Unknown,82
836,Andrew,Wong,male,Unknown,81
837,Bobby,Valdez,male,Unknown,97
838,Mary,Bird,female,Artist,92
839,Andrew,Rodriguez,male,Business Owner,81
840,Melanie,Carter,female,Government Officer,99
841,Randy,Lopez,male,Lawyer,97
842,David,Cole,male,Construction Engineer,80
843,Jennifer,Baxter,female,Software Engineer,88
844,Shannon,Graham,female,Unknown,95
845,Stephanie,Bush,female,Software Engineer,90
846,Keith,Tanner,male,Business Owner,77
847,Robert,Anderson,male,Business Owner,82
848,Matthew,Cantu,male,Real Estate Developer,90
849,Heather,Johnson,female,Software Engineer,94
850,Lee,Taylor,male,Business Owner,87
851,Jessica,Williams,female,Game Developer,86
852,Holly,Sanchez,female,Banker,84
853,James,Ray,male,Accountant,86
854,William,Hernandez,male,Business Owner,70
855,Lisa,Brown,female,Accountant,87
856,Kevin,York,male,Business Owner,47
857,Benjamin,Davis,male,Software Engineer,96
858,Sarah,Nielsen,female,Business Owner,54
859,Elizabeth,Parks,female,Real Estate Developer,59
860,Deborah,Moore,female,Unknown,92
861,Michael,Anderson,male,Software Engineer,100
862,Brian,Adams,male,Scientist,92
863,Anthony,Silva,male,Real Estate Developer,75
864,Melinda,Velazquez,female,Software Engineer,93
865,Andre,Hoffman,male,Lawyer,100
866,Vanessa,Coleman,female,Business Owner,80
867,Stephanie,Hernandez,female,Lawyer,100
868,Timothy,David,male,Business Owner,52
869,Carol,Cortez,female,Software Engineer,95
870,Justin,Kelly,male,Unknown,100
871,George,King,male,Software Engineer,96
872,Ashley,Craig,female,Unknown,60
873,Patricia,Sullivan,female,Business Owner,51
874,David,Jones,male,Software Engineer,85
875,Cody,Smith,male,Accountant,76
876,Joseph,Jackson,male,Software Engineer,92
877,Adam,Edwards,male,Government Officer,90
878,Brian,Morales,male,Business Owner,73
879,Melissa,Fry,female,Doctor,90
880,Lori,Jacobson,female,Accountant,87
881,Jessica,Shannon,female,Real Estate Developer,93
882,Sharon,Ramirez,female,Real Estate Developer,75
883,Nicole,Rice,female,Software Engineer,96
884,Alison,Webster,female,Artist,63
885,Alexander,Mitchell,male,Lawyer,85
886,Bryan,Grimes,male,Software Engineer,93
887,Nicole,Mcdonald,female,Unknown,60
888,Christopher,Ramirez,male,Unknown,95
889,Lawrence,Fields,male,Business Owner,61
890,Rebecca,Molina,female,Software Engineer,97
891,John,Castillo,male,Software Engineer,90
892,Sandra,Davis,female,Business Owner,90
893,Andrew,Smith,male,Software Engineer,85
894,Elizabeth,Smith,female,Banker,82
895,Scott,Schultz,male,Business Owner,95
896,Joseph,Harper,male,Government Officer,95
897,Ryan,Salazar,male,Real Estate Developer,81
898,Brenda,Davis,female,Teacher,62
899,Chad,Taylor,male,Real Estate Developer,95
900,Natasha,Edwards,female,Business Owner,64
901,Pamela,Edwards,female,Designer,96
902,Cynthia,Richardson,female,Business Owner,40
903,Robert,Johnson,male,Stock Investor,87
904,Kevin,Ryan,male,Unknown,74
905,Eileen,Nicholson,female,Business Owner,51
906,Robert,Torres,male,Real Estate Developer,57
907,Alicia,Beltran,female,Business Owner,84
908,Jessica,Wong,female,Business Owner,84
909,Ruben,Meyer,male,Stock Investor,100
910,Megan,Alexander,female,Software Engineer,90
911,Jennifer,Gonzalez,female,Banker,97
912,Carl,Ferguson,male,Banker,77
913,Valerie,Romero,female,Teacher,82
914,Laura,Romero,female,Software Engineer,89
915,Heidi,Adams,female,Business Owner,43
916,Regina,Spencer,female,Lawyer,86
917,Lee,Campbell,male,Scientist,92
918,Noah,Mcdaniel,male,Unknown,71
919,Dorothy,Mitchell,female,Software Engineer,92
920,Michael,Mccarthy,male,Lawyer,77
921,Matthew,Jones,male,Software Engineer,90
922,John,Riley,male,Doctor,91
923,Shelly,Dominguez,female,Software Engineer,88
924,Ann,Evans,female,Real Estate Developer,98
925,David,Perez,male,Business Owner,87
926,Nicole,Bell,female,Teacher,66
927,Amanda,Garcia,female,Business Owner,83
928,Charles,Owens,male,Business Owner,40
929,Teresa,Henry,female,Business Owner,43
930,Luis,Frank,male,Software Engineer,100
931,Timothy,Booth,male,Unknown,93
932,Michael,Moon,male,Software Engineer,98
933,Rachel,Hall,female,Software Engineer,90
934,Thomas,Nguyen,male,Software Engineer,90
935,Tiffany,Fields,female,Artist,68
936,Jessica,Marshall,female,Software Engineer,91
937,Maurice,Nguyen,male,Designer,87
938,William,Kelly,male,Software Engineer,91
939,Harry,Hunter,male,Accountant,98
940,Gary,Gentry,male,Banker,85
941,Maria,Malone,female,Business Owner,40
942,Jason,Vazquez,male,Accountant,76
943,Patrick,West,male,Banker,89
944,Alexandra,Brown,female,Artist,76
945,Jennifer,Torres,female,Software Engineer,91
946,Daniel,Smith,male,Business Owner,55
947,Catherine,Boyle,female,Real Estate Developer,93
948,Amanda,Bush,female,Real Estate Developer,84
949,Emma,Copeland,female,Business Owner,62
950,Bradley,Avery,male,Lawyer,80
951,Danielle,Martinez,female,Doctor,93
952,Anna,Wolf,female,Lawyer,92
953,Megan,Whitaker,female,Software Engineer,87
954,Melissa,Richard,female,Banker,83
955,Richard,Small,male,Stock Investor,95
956,Victor,Phillips,male,Accountant,79
957,Madison,Callahan,female,Unknown,87
958,Connor,Olson,male,Unknown,94
959,Hunter,Allen,male,Game Developer,82
960,Shannon,Johnson,female,Banker,90
961,Samantha,Alexander,female,Accountant,100
962,Justin,Lester,male,Artist,98
963,Hunter,Miller,male,Game Developer,80
964,Shelia,Rogers,female,Writer,89
965,Laura,Walker,female,Unknown,96
966,Ashley,Green,female,Accountant,94
967,Beth,Bonilla,female,Unknown,64
968,Ray,Padilla,male,Doctor,89
969,Jennifer,Cummings,female,Unknown,97
970,Daniel,Peterson,male,Software Engineer,91
971,Andrew,Miller,male,Construction Engineer,96
972,Scott,Jacobson,male,Banker,81
973,Jennifer,Baker,female,Software Engineer,87
974,Suzanne,Morrow,female,Business Owner,67
975,Melissa,Gonzales,female,Artist,100
976,Erik,Miller,male,Software Engineer,88
977,Pamela,Flores,female,Software Engineer,86
978,Amanda,Hernandez,female,Scientist,85
979,Gregory,Schaefer,male,Software Engineer,93
980,Annette,Logan,female,Unknown,80
981,Tamara,Long,female,Business Owner,56
982,John,Baker,male,Construction Engineer,87
983,Justin,Lynch,male,Real Estate Developer,97
984,Daniel,Knight,male,Scientist,86
985,Angelica,Jones,female,Software Engineer,97
986,Lance,Nelson,male,Unknown,91
987,Katherine,Jacobson,female,Software Engineer,86
988,Corey,Taylor,male,Business Owner,90
989,Laura,Russell,female,Game Developer,95
990,Arthur,Harris,male,Banker,90
991,Victoria,Garcia,female,Unknown,66
992,David,Gonzales,male,Business Owner,81
993,Charles,Thomas,male,Software Engineer,85
994,Oscar,Gonzalez,male,Doctor,94
995,Sarah,Miller,female,Game Developer,81
996,Eric,Davis,male,Software Engineer,97
997,Patrick,Martin,male,Accountant,100
998,Susan,Schmidt,female,Business Owner,54
999,Brett,Bell,male,Software Engineer,97
1000,Dennis,Summers,male,Real Estate Developer,65
1001,Brandon,Smith,male,Business Owner,53
1002,Nicole,Williams,female,Real Estate Developer,82
1003,Rachel,Frye,female,Business Owner,93
1004,Tyler,Cabrera,male,Software Engineer,93
1005,Maureen,Jones,female,Business Owner,91
1006,Pamela,Green,female,Scientist,99
1007,Jeffery,Mcdonald,male,Construction Engineer,87
1008,Austin,Matthews,male,Unknown,83
1009,Jacqueline,Allen,female,Real Estate Developer,59
1010,Joanna,Dominguez,female,Unknown,74
1011,Brian,Griffin,male,Lawyer,81
1012,Dean,Lee,male,Game Developer,80
1013,Denise,Rodriguez,female,Banker,89
1014,Brendan,Rivera,male,Unknown,65
1015,Jackson,Smith,male,Business Owner,94
1016,Craig,Weber,male,Designer,93
1017,Joseph,Carpenter,male,Software Engineer,90
1018,Sarah,Tucker,female,Unknown,67
1019,Steven,Hernandez,male,Accountant,81
1020,Robert,Foley,male,Software Engineer,95
1021,Michael,Carr,male,Business Owner,67
1022,Walter,Herrera,male,Game Developer,83
1023,Sarah,Mckinney,female,Artist,87
1024,Jacob,Nguyen,male,Construction Engineer,82
1025,Mary,Garza,female,Accountant,97
1026,Jesse,Hawkins,male,Software Engineer,88
1027,Jordan,Boyd,female,Banker,91
1028,Latoya,Mullins,female,Business Owner,77
1029,Jill,Armstrong,female,Unknown,94
1030,Aaron,Peterson,male,Business Owner,100
1031,April,Greene,female,Banker,96
1032,Theodore,Gomez,male,Accountant,75
1033,John,Gardner,male,Government Officer,94
1034,Joseph,Petersen,male,Unknown,89
1035,Matthew,Potter,male,Stock Investor,100
1036,Linda,Munoz,female,Accountant,94
1037,Samantha,Stewart,female,Government Officer,78
1038,Michael,Reyes,male,Business Owner,65
1039,Sarah,Murphy,female,Writer,68
1040,Derrick,Melton,male,Artist,93
1041,Donna,Horne,female,Scientist,100
1042,Natasha,Butler,female,Lawyer,85
1043,David,Vasquez,male,Doctor,80
1044,Christopher,Lester,male,Lawyer,97
1045,Martin,Franco,male,Software Engineer,85
1046,Katherine,Donaldson,female,Banker,87
1047,Harold,Daniels,male,Banker,79
1048,Michael,Anderson,male,Government Officer,87
1049,Nichole,Harrington,female,Lawyer,72
1050,Wendy,Clark,female,Doctor,89
1051,Chelsea,Taylor,female,Unknown,62
1052,Jeffrey,Knight,male,Banker,93
1053,Katelyn,Watkins,female,Accountant,75
1054,Anne,Johnston,female,Banker,75
1055,Rebecca,Carpenter,female,Unknown,88
1056,Ashley,Baker,female,Lawyer,86
1057,Lacey,Norris,female,Lawyer,86
1058,Angela,Moore,female,Software Engineer,99
1059,Maria,Obrien,female,Software Engineer,95
1060,Rebecca,Larsen,female,Software Engineer,92
1061,Amanda,Rodriguez,female,Doctor,88
1062,Patrick,Clark,male,Banker,92
1063,Janet,Morrison,female,Business Owner,70
1064,James,Acosta,male,Scientist,85
1065,Richard,Burke,male,Unknown,79
1066,Donald,Contreras,male,Unknown,60
1067,Kenneth,Mendez,male,Business Owner,63
1068,Kenneth,Sparks,male,Banker,99
1069,Natasha,Morales,female,Accountant,93
1070,David,Mendoza,male,Unknown,63
1071,Melissa,Wright,female,Business Owner,81
1072,Cindy,Hamilton,female,Unknown,60
1073,Nancy,Walker,female,Business Owner,68
1074,Matthew,Peterson,male,Stock Investor,89
1075,Grant,Mason,male,Scientist,86
1076,David,Mays,male,Real Estate Developer,71
1077,Sheryl,Parker,female,Business Owner,72
1078,Ross,Sanchez,male,Unknown,74
1079,Robert,Barnett,male,Software Engineer,99
1080,Dean,Sims,male,Stock Investor,99
1081,Jaime,Morrison,male,Software Engineer,88
1082,Regina,Hernandez,female,Unknown,65
1083,Margaret,Smith,female,Business Owner,90
1084,Kyle,Garcia,male,Lawyer,91
1085,Trevor,Stark,male,Lawyer,86
1086,Nathaniel,Adams,male,Software Engineer,86
1087,Gabriela,Martinez,female,Software Engineer,92
1088,Debra,Walter,female,Banker,90
1089,Kimberly,Herrera,female,Accountant,98
1090,William,Fleming,male,Lawyer,72
1091,Brandon,Foster,male,Scientist,77
1092,John,Wilson,male,Business Owner,75
1093,George,Kerr,male,Lawyer,94
1094,Kenneth,Gilbert,male,Banker,75
1095,Jodi,Price,female,Software Engineer,91
1096,Jordan,Sheppard,male,Accountant,75
1097,Tristan,Martinez,male,Accountant,93
1098,Sharon,Chandler,female,Game Developer,86
1099,Steven,Allen,male,Unknown,92
1100,Douglas,Robertson,male,Software Engineer,90
1101,Sabrina,Zavala,female,Scientist,92
1102,Corey,Merritt,male,Accountant,90
1103,Jennifer,Salas,female,Lawyer,78
1104,John,Klein,male,Business Owner,82
1105,Rachel,Grant,female,Software Engineer,86
1106,Jose,Wood,male,Scientist,83
1107,Michelle,Mcdonald,female,Teacher,69
1108,Thomas,George,male,Banker,83
1109,Charles,Torres,male,Banker,84
1110,Jonathan,Finley,male,Banker,89
1111,Diana,Long,female,Accountant,77
1112,Jonathan,Johnson,male,Construction Engineer,94
1113,Nicole,Robinson,female,Teacher,93
1114,Rebecca,Mckinney,female,Doctor,92
1115,Daniel,Guerrero,male,Real Estate Developer,73
1116,Jillian,Dominguez,female,Unknown,90
1117,Samantha,Phillips,female,Business Owner,87
1118,Dylan,Rogers,male,Software Engineer,88
1119,Brittany,Spencer,female,Unknown,88
1120,Melissa,Terry,female,Banker,96
1121,Robin,Perez,female,Doctor,89
1122,Veronica,Hopkins,female,Real Estate Developer,58
1123,Daniel,Lewis,male,Doctor,95
1124,Mallory,Collins,female,Banker,76
1125,Stephen,Sosa,male,Construction Engineer,87
1126,Andrew,Hunter,male,Unknown,60
1127,David,Hartman,male,Business Owner,70
1128,Paul,Taylor,male,Construction Engineer,90
1129,Brittany,Simmons,female,Unknown,75
1130,Emma,Jones,female,Accountant,96
1131,Matthew,Aguilar,male,Banker,88
1132,Brett,Myers,male,Game Developer,99
1133,Lisa,Alexander,female,Teacher,86
1134,Stephanie,Allen,female,Designer,96
1135,Rebecca,Clark,female,Lawyer,87
1136,Andrew,Sanders,male,Software Engineer,89
1137,Julia,Day,female,Writer,77
1138,Amber,Levy,female,Business Owner,57
1139,Nicole,Daniel,female,Accountant,88
1140,Sarah,Wells,female,Real Estate Developer,56
1141,Laura,Stone,female,Accountant,94
1142,Katherine,Glenn,female,Business Owner,57
1143,Catherine,Mccall,female,Business Owner,81
1144,Tammy,Andrews,female,Stock Investor,96
1145,Kathryn,Powell,female,Banker,97
1146,Michael,Lutz,male,Game Developer,86
1147,Brian,Myers,male,Doctor,94
1148,Maria,Adams,female,Software Engineer,88
1149,Ronnie,Nguyen,male,Unknown,84
1150,Daniel,Stephens,male,Stock Investor,85
1151,Brandon,Oliver,male,Unknown,78
1152,David,Vazquez,male,Unknown,86
1153,Desiree,Moore,female,Software Engineer,99
1154,Jessica,Turner,female,Teacher,67
1155,Scott,Bishop,male,Banker,84
1156,Cassandra,Flores,female,Artist,72
1157,Miguel,Hernandez,male,Designer,74
1158,Brittany,Welch,female,Business Owner,74
1159,Robert,Ross,male,Lawyer,91
1160,Jennifer,White,female,Accountant,77
1161,Rebecca,Smith,female,Government Officer,87
1162,Jessica,Ferrell,female,Unknown,60
1163,Jeremy,Montgomery,male,Business Owner,92
1164,Angel,Gilbert,female,Business Owner,71
1165,Rebecca,Roman,female,Artist,62
1166,Frank,Lopez,male,Real Estate Developer,100
1167,Thomas,Hernandez,male,Game Developer,94
1168,Crystal,Miller,female,Artist,98
1169,Nicholas,Wallace,male,Construction Engineer,94
1170,Arthur,Brown,male,Game Developer,92
1171,Corey,Monroe,male,Business Owner,50
1172,Angel,Green,female,Doctor,99
1173,Tina,Anderson,female,Teacher,70
1174,Rebecca,Khan,female,Government Officer,92
1175,Terry,Dean,male,Banker,82
1176,Tyler,Martin,male,Construction Engineer,83
1177,Derrick,Hartman,male,Stock Investor,84
1178,Mark,Stevens,male,Unknown,60
1179,Scott,Tate,male,Unknown,67
1180,Melissa,Deleon,female,Doctor,96
1181,Nicole,Newman,female,Stock Investor,97
1182,Brent,Burton,male,Unknown,89
1183,Victor,Bright,male,Real Estate Developer,68
1184,Kenneth,Turner,male,Construction Engineer,82
1185,Lisa,Bailey,female,Software Engineer,85
1186,Nancy,Fowler,female,Unknown,86
1187,Gabriel,Wilson,male,Accountant,87
1188,Andrea,Barrett,female,Business Owner,98
1189,Jessica,Williams,female,Real Estate Developer,91
1190,Hector,Cox,male,Doctor,100
1191,Michelle,Mendoza,female,Real Estate Developer,50
1192,Adam,Wallace,male,Designer,75
1193,Kelly,Harris,female,Stock Investor,86
1194,Anthony,Clark,male,Banker,80
1195,Randall,Wyatt,male,Business Owner,56
1196,Ryan,Sutton,male,Game Developer,91
1197,Rick,Garcia,male,Construction Engineer,94
1198,Frank,Schmitt,male,Construction Engineer,81
1199,Alan,Mcgrath,male,Accountant,94
1200,Lauren,Gomez,female,Doctor,99
1201,Katherine,Taylor,female,Lawyer,88
1202,Ashley,York,female,Real Estate Developer,79
1203,Charles,Rangel,male,Business Owner,49
1204,Brooke,Burnett,female,Government Officer,97
1205,Ronald,Lane,male,Construction Engineer,96
1206,Emma,Andrews,female,Stock Investor,89
1207,Nancy,Esparza,female,Software Engineer,94
1208,Sean,Erickson,male,Unknown,62
1209,Heather,Davis,female,Real Estate Developer,68
1210,Kimberly,Bailey,female,Real Estate Developer,58
1211,Tracy,Garcia,female,Banker,92
1212,Brenda,Rhodes,female,Stock Investor,90
1213,Sarah,Brooks,female,Doctor,84
1214,Jennifer,Beck,female,Business Owner,81
1215,Allison,Bond,female,Teacher,87
1216,Jessica,Smith,female,Unknown,88
1217,Carol,Nguyen,female,Writer,76
1218,George,Francis,male,Government Officer,60
1219,Michelle,Dixon,female,Unknown,85
1220,Linda,George,female,Business Owner,73
1221,Larry,Bruce,male,Lawyer,99
1222,Charles,Myers,male,Business Owner,95
1223,Matthew,Boyd,male,Accountant,92
1224,Ronald,Brewer,male,Lawyer,100
1225,Kimberly,Mcgee,female,Doctor,89
1226,Jill,Anderson,female,Banker,94
1227,David,Coffey,male,Real Estate Developer,89
1228,Brittany,Henderson,female,Business Owner,74
1229,Holly,Richardson,female,Teacher,95
1230,Justin,Brooks,male,Unknown,93
1231,Joan,Frederick,female,Lawyer,94
1232,Loretta,Webb,female,Accountant,85
1233,Toni,Zimmerman,female,Accountant,94
1234,Jaime,Houston,female,Teacher,95
1235,Jacqueline,Goodman,female,Software Engineer,97
1236,Brian,Crawford,male,Designer,100
1237,John,Reynolds,male,Doctor,99
1238,Heather,Marsh,female,Designer,97
1239,Dawn,Flores,female,Business Owner,53
1240,Christie,Lane,female,Unknown,99
1241,Traci,Johnson,female,Designer,99
1242,Robert,Hartman,male,Accountant,79
1243,Christopher,Porter,male,Business Owner,94
1244,Phillip,Lynch,male,Software Engineer,97
1245,Matthew,Green,male,Accountant,87
1246,Jesse,Johnson,male,Stock Investor,82
1247,Donna,Andrews,female,Doctor,94
1248,Timothy,Hall,male,Software Engineer,99
1249,Amy,Hicks,female,Teacher,68
1250,Susan,Wall,female,Business Owner,67
1251,David,Fields,male,Banker,92
1252,Terri,Lyons,female,Writer,69
1253,Eric,Jones,male,Software Engineer,92
1254,Betty,Nguyen,female,Accountant,90
1255,Albert,Anderson,male,Stock Investor,91
1256,Katrina,Montgomery,female,Artist,65
1257,Samantha,Cole,female,Software Engineer,98
1258,Kathleen,Potts,female,Business Owner,70
1259,Melissa,Edwards,female,Software Engineer,97
1260,Mark,Delgado,male,Accountant,80
1261,Derek,Bates,male,Writer,70
1262,Ryan,Ruiz,male,Doctor,96
1263,Charles,Gill,male,Software Engineer,99
1264,Amanda,Edwards,female,Unknown,76
1265,Emily,Waters,female,Stock Investor,86
1266,John,Stevenson,male,Construction Engineer,98
1267,Kevin,Hoffman,male,Government Officer,88
1268,Joseph,Mcconnell,male,Software Engineer,89
1269,Jessica,Smith,female,Lawyer,88
1270,Shannon,Martinez,female,Business Owner,78
1271,Kenneth,Baker,male,Doctor,87
1272,Margaret,Sanchez,female,Software Engineer,90
1273,Ryan,Hensley,male,Accountant,88
1274,Sharon,Stephenson,female,Game Developer,99
1275,Shawn,Cameron,male,Business Owner,41
1276,Stephanie,Kennedy,female,Government Officer,98
1277,Hayley,Abbott,female,Game Developer,91
1278,Rachel,Jacobs,female,Business Owner,68
1279,Danielle,Tran,female,Banker,79
1280,Autumn,Barrett,female,Banker,77
1281,Jennifer,Landry,female,Banker,89
1282,Sean,Rodriguez,male,Real Estate Developer,94
1283,Ryan,Long,male,Artist,80
1284,Robert,Hancock,male,Artist,79
1285,Stephanie,Rodriguez,female,Banker,92
1286,Kristen,Evans,female,Banker,85
1287,Jaime,White,female,Accountant,75
1288,Marcus,Howard,male,Software Engineer,88
1289,Lucas,Jenkins,male,Banker,93
1290,Aaron,Ortiz,male,Game Developer,86
1291,Todd,Stephens,male,Government Officer,62
1292,Denise,Blackburn,female,Stock Investor,82
1293,Susan,Perez,female,Artist,83
1294,Tyler,Green,male,Real Estate Developer,98
1295,Rebecca,Daniel,female,Banker,84
1296,Alexandria,Harris,female,Writer,91
1297,Danny,Taylor,male,Construction Engineer,83
1298,Amanda,Evans,female,Accountant,83
1299,Scott,Owens,male,Software Engineer,90
1300,Jesus,Jones,male,Lawyer,81
1301,April,Spence,female,Teacher,89
1302,Christopher,Lopez,male,Construction Engineer,97
1303,Mario,Hopkins,male,Accountant,97
1304,Cody,Burke,male,Software Engineer,100
1305,Candace,White,female,Game Developer,98
1306,Robert,Brown,male,Software Engineer,97
1307,Erica,Woodward,female,Accountant,78
1308,Elizabeth,Smith,female,Lawyer,100
1309,Jennifer,Martin,female,Writer,92
1310,David,Smith,male,Game Developer,81
1311,Lori,Johnson,female,Software Engineer,98
1312,Martin,Garcia,male,Unknown,62
1313,Stacy,Collins,female,Accountant,95
1314,Timothy,Bailey,male,Banker,87
1315,Susan,Gonzalez,female,Accountant,85
1316,Nicole,Harris,female,Banker,96
1317,Courtney,Moran,female,Accountant,83
1318,Gregory,Barton,male,Construction Engineer,89
1319,Dakota,Clark,male,Construction Engineer,90
1320,Robin,Leonard,female,Banker,99
1321,Edward,Smith,male,Government Officer,62
1322,Julie,Little,female,Business Owner,42
1323,Maureen,Norman,female,Business Owner,46
1324,Jeffrey,Andrews,male,Game Developer,92
1325,Christina,Martinez,female,Lawyer,94
1326,Samuel,Becker,male,Banker,89
1327,Carlos,Flynn,male,Construction Engineer,90
1328,Roberto,Martin,male,Unknown,69
1329,Jennifer,Johnson,female,Business Owner,40
1330,Anthony,Shah,male,Business Owner,42
1331,Aimee,Cook,female,Business Owner,82
1332,Angela,Collins,female,Accountant,82
1333,John,Jensen,male,Unknown,76
1334,Julie,Gomez,female,Teacher,80
1335,Bryan,Mitchell,male,Software Engineer,87
1336,Katie,Clark,female,Software Engineer,91
1337,Kathleen,Simpson,female,Lawyer,100
1338,Carolyn,Reyes,female,Business Owner,56
1339,Derrick,Ortiz,male,Stock Investor,84
1340,Calvin,Huynh,male,Lawyer,86
1341,Margaret,Wells,female,Business Owner,79
1342,Heather,Fitzpatrick,female,Software Engineer,99
1343,Kimberly,Wood,female,Accountant,95
1344,Gina,Kennedy,female,Artist,65
1345,Jeremy,Ward,male,Unknown,85
1346,Patricia,Rhodes,female,Doctor,99
1347,Connie,Colon,female,Artist,88
1348,Pamela,Moyer,female,Software Engineer,100
1349,Rachel,Williams,female,Unknown,62
1350,Sean,Malone,male,Business Owner,84
1351,Natalie,Fitzgerald,female,Teacher,60
1352,Kevin,Diaz,male,Stock Investor,96
1353,Beth,Jones,female,Real Estate Developer,58
1354,Kathryn,Bates,female,Teacher,90
1355,Aaron,Mcdaniel,male,Accountant,75
1356,Angela,King,female,Banker,76
1357,Lauren,Arias,female,Business Owner,81
1358,Alyssa,Miller,female,Unknown,73
1359,Lisa,Best,female,Unknown,60
1360,Nicole,Garcia,female,Business Owner,89
1361,William,Lee,male,Software Engineer,91
1362,Christopher,Bowen,male,Doctor,85
1363,David,Bradford,male,Accountant,81
1364,Stephanie,Jordan,female,Business Owner,67
1365,Joseph,Blake,male,Doctor,86
1366,Christina,Velasquez,female,Lawyer,94
1367,Thomas,Calderon,male,Writer,83
1368,Jorge,Lee,male,Unknown,98
1369,Jasmin,Phillips,female,Business Owner,46
1370,Vincent,Wilson,male,Software Engineer,95
1371,Richard,Ryan,male,Software Engineer,88
1372,Jesse,Garcia,male,Stock Investor,90
1373,James,Tate,male,Construction Engineer,100
1374,Charles,May,male,Designer,76
1375,Jeremiah,Lee,male,Artist,73
1376,Debra,Reynolds,female,Banker,96
1377,Eric,Doyle,male,Writer,85
1378,John,Perez,male,Software Engineer,91
1379,Hector,Garcia,male,Unknown,61
1380,Andres,Rodriguez,male,Designer,79
1381,Shelley,Murphy,female,Software Engineer,99
1382,Robin,Carr,female,Scientist,81
1383,Julie,Lambert,female,Teacher,91
1384,Cynthia,Rodriguez,female,Software Engineer,91
1385,Thomas,Ball,male,Software Engineer,100
1386,Patricia,Pope,female,Artist,60
1387,Bryan,Pacheco,male,Software Engineer,90
1388,Steven,Richardson,male,Banker,94
1389,Deborah,Hood,female,Software Engineer,90
1390,Laura,Campbell,female,Banker,78
1391,Bradley,Patel,male,Business Owner,40
1392,Angela,Moran,female,Banker,97
1393,Samuel,Lee,male,Stock Investor,84
1394,Catherine,Miles,female,Business Owner,64
1395,Joseph,Erickson,male,Software Engineer,89
1396,Bradley,Cook,male,Construction Engineer,99
1397,Tony,Montgomery,male,Doctor,85
1398,Drew,Williams,male,Game Developer,89
1399,Gwendolyn,Martinez,female,Software Engineer,97
1400,Nathan,Calhoun,male,Construction Engineer,86
1401,Krista,Myers,female,Lawyer,72
1402,Jeremy,Bailey,male,Artist,63
1403,Nicholas,Lester,male,Software Engineer,99
1404,Jennifer,Ford,female,Banker,81
1405,Connor,Mitchell,male,Lawyer,72
1406,Christine,Nelson,female,Teacher,94
1407,Rebecca,Spencer,female,Real Estate Developer,58
1408,Kyle,Rojas,male,Unknown,61
1409,Stacy,Sanders,female,Doctor,89
1410,Taylor,Waters,female,Business Owner,96
1411,Julie,Nichols,female,Doctor,96
1412,John,Lin,male,Unknown,60
1413,William,Ryan,male,Software Engineer,93
1414,Joseph,Phillips,male,Stock Investor,93
1415,Christina,Ramirez,female,Business Owner,58
1416,Laura,Baxter,female,Business Owner,73
1417,Kevin,Jackson,male,Business Owner,93
1418,Kayla,Schwartz,female,Accountant,92
1419,Jason,Myers,male,Software Engineer,99
1420,Mary,Arnold,female,Designer,99
1421,Suzanne,Owens,female,Business Owner,73
1422,Misty,Stewart,female,Unknown,87
1423,Paul,Johnson,male,Doctor,86
1424,Jordan,Rocha,male,Software Engineer,89
1425,Roger,Dixon,male,Game Developer,96
1426,Patricia,Garrison,female,Software Engineer,90
1427,Amanda,Davis,female,Teacher,98
1428,Michael,Ferguson,male,Lawyer,85
1429,Melissa,Robinson,female,Software Engineer,85
1430,Kathryn,Rivera,female,Banker,89
1431,Javier,Macdonald,male,Banker,93
1432,Angela,Elliott,female,Software Engineer,96
1433,Christine,Collins,female,Designer,84
1434,Calvin,Taylor,male,Banker,76
1435,Jennifer,Contreras,female,Banker,80
1436,Jennifer,Mccoy,female,Real Estate Developer,63
1437,Daniel,Thomas,male,Construction Engineer,90
1438,Brian,Hess,male,Banker,85
1439,Jessica,Mathews,female,Unknown,78
1440,Kathryn,Sanchez,female,Designer,74
1441,Jeremy,Cook,male,Lawyer,83
1442,Michael,Anderson,male,Software Engineer,87
1443,Olivia,Garza,female,Banker,90
1444,Emily,Mason,female,Real Estate Developer,73
1445,Jennifer,Gonzales,female,Teacher,79
1446,Samantha,Rodriguez,female,Real Estate Developer,62
1447,Anthony,Adams,male,Software Engineer,87
1448,Ronald,Diaz,male,Accountant,81
1449,Dana,Lambert,female,Unknown,83
1450,Jonathan,Mckay,male,Business Owner,90
1451,Thomas,Odom,male,Artist,75
1452,John,Wells,male,Construction Engineer,94
1453,Richard,Castillo,male,Government Officer,91
1454,Peter,Peck,male,Lawyer,96
1455,Chris,Greene,male,Software Engineer,85
1456,Michael,Vance,male,Lawyer,71
1457,Joanne,Howard,female,Doctor,98
1458,James,Clarke,male,Unknown,66
1459,Michael,Smith,male,Accountant,99
1460,Nicole,King,female,Designer,71
1461,Ruth,Miller,female,Government Officer,74
1462,Katelyn,Roman,female,Banker,93
1463,Allison,Hendricks,female,Lawyer,89
1464,Zachary,Lucero,male,Business Owner,66
1465,Gregory,Ryan,male,Stock Investor,80
1466,Jacob,Hall,male,Software Engineer,97
1467,Mark,Wright,male,Doctor,87
1468,Jennifer,Wright,female,Teacher,77
1469,Kimberly,Dyer,female,Unknown,99
1470,Nicole,Grant,female,Teacher,89
1471,Peter,Anderson,male,Software Engineer,86
1472,Christine,Hernandez,female,Real Estate Developer,82
1473,Christine,Smith,female,Artist,79
1474,Mark,Robinson,male,Construction Engineer,89
1475,Joan,Estrada,female,Teacher,77
1476,Shelby,Lewis,female,Banker,95
1477,Joshua,Williams,male,Business Owner,63
1478,Cynthia,Martinez,female,Software Engineer,98
1479,Kevin,Holt,male,Unknown,76
1480,Jessica,Nolan,female,Business Owner,40
1481,Timothy,Fowler,male,Software Engineer,89
1482,Samantha,Ibarra,female,Doctor,86
1483,Michelle,Guerrero,female,Software Engineer,99
1484,Stephanie,Pineda,female,Business Owner,67
1485,Philip,Blair,male,Business Owner,43
1486,David,Jimenez,male,Business Owner,40
1487,Megan,Bright,female,Business Owner,65
1488,Thomas,Montoya,male,Business Owner,96
1489,Brenda,Houston,female,Software Engineer,96
1490,Daniel,Lee,male,Lawyer,90
1491,Stephanie,Jones,female,Business Owner,85
1492,Rachel,Salas,female,Business Owner,92
1493,Oscar,Benjamin,male,Doctor,100
1494,Debra,Brown,female,Stock Investor,94
1495,Jennifer,Martin,female,Banker,85
1496,Jeffrey,Conley,male,Lawyer,80
1497,Cory,Cook,male,Software Engineer,99
1498,David,Walters,male,Writer,70
1499,Jeffrey,Moore,male,Designer,62
1500,Stacey,Williams,female,Software Engineer,94
1501,Beth,Stephens,female,Real Estate Developer,79
1502,Lisa,Franco,female,Business Owner,47
1503,Sarah,Snow,female,Banker,100
1504,Frederick,Lopez,male,Banker,90
1505,Cynthia,White,female,Teacher,63
1506,Samantha,Hopkins,female,Unknown,78
1507,Destiny,Rhodes,female,Software Engineer,95
1508,Jessica,Jones,female,Unknown,88
1509,Mark,Smith,male,Construction Engineer,87
1510,Maureen,Cain,female,Real Estate Developer,89
1511,Jennifer,Fuentes,female,Stock Investor,89
1512,Jennifer,Arnold,female,Lawyer,90
1513,Laura,Smith,female,Teacher,99
1514,David,Shaw,male,Software Engineer,91
1515,Diana,Russo,female,Accountant,75
1516,Hayley,Johnson,female,Unknown,60
1517,Melissa,Jackson,female,Software Engineer,90
1518,Kimberly,Miller,female,Software Engineer,93
1519,Andrew,Stanley,male,Accountant,93
1520,Mary,Taylor,female,Software Engineer,92
1521,Mindy,Jones,female,Game Developer,86
1522,John,Powell,male,Business Owner,64
1523,Amanda,Padilla,female,Artist,91
1524,Kevin,Koch,male,Scientist,76
1525,Chad,Moreno,male,Unknown,72
1526,Stephanie,Spencer,female,Artist,63
1527,Peter,Vargas,male,Software Engineer,94
1528,Kayla,Bailey,female,Business Owner,70
1529,Stephanie,Jones,female,Banker,83
1530,Nancy,Hartman,female,Business Owner,50
1531,Eduardo,Brown,male,Doctor,99
1532,Thomas,Stone,male,Banker,76
1533,Craig,Carter,male,Business Owner,71
1534,Michael,Harrington,male,Unknown,60
1535,Valerie,Nichols,female,Software Engineer,87
1536,Brian,Garcia,male,Business Owner,93
1537,Renee,Smith,female,Lawyer,87
1538,Kaitlyn,Frazier,female,Government Officer,93
1539,Jesse,Green,male,Game Developer,96
1540,Kimberly,Cooper,female,Unknown,62
1541,Matthew,Chambers,male,Business Owner,50
1542,Stephanie,Yu,female,Unknown,71
1543,Jose,Hodge,male,Construction Engineer,99
1544,Steve,Kelly,male,Stock Investor,100
1545,Justin,Morgan,male,Business Owner,77
1546,Robert,Black,male,Software Engineer,88
1547,Gabriella,Pierce,female,Accountant,88
1548,William,Clay,male,Stock Investor,99
1549,Nicholas,Shea,male,Business Owner,50
1550,Heidi,Ellis,female,Unknown,69
1551,Cassandra,Mills,female,Banker,89
1552,Robert,Hart,male,Designer,93
1553,Natalie,Garrison,female,Software Engineer,96
1554,Melissa,Campbell,female,Software Engineer,92
1555,Joshua,Cervantes,male,Software Engineer,99
1556,Carlos,Long,male,Business Owner,86
1557,Keith,Hunt,male,Software Engineer,91
1558,Kevin,Turner,male,Banker,95
1559,Shane,Washington,male,Government Officer,61
1560,Mark,Duke,male,Writer,65
1561,Anna,Lane,female,Game Developer,94
1562,Catherine,Ibarra,female,Designer,94
1563,Brian,Adams,male,Business Owner,56
1564,Michael,James,male,Software Engineer,89
1565,Robert,Hernandez,male,Real Estate Developer,65
1566,Anthony,Walton,male,Stock Investor,91
1567,Meghan,Lewis,female,Banker,88
1568,Crystal,Holland,female,Business Owner,49
1569,Brian,Gibson,male,Writer,73
1570,Eric,Heath,male,Software Engineer,94
1571,Holly,Dunn,female,Business Owner,84
1572,Paul,Miller,male,Construction Engineer,97
1573,Katherine,Reyes,female,Unknown,82
1574,Paula,Hernandez,female,Doctor,96
1575,Aaron,Ortega,male,Business Owner,44
1576,Jonathan,Carter,male,Banker,97
1577,Christina,Nguyen,female,Banker,77
1578,Anita,Carter,female,Accountant,89
1579,Madeline,Holmes,female,Software Engineer,86
1580,Luis,Klein,male,Unknown,73
1581,Laura,Thornton,female,Teacher,61
1582,William,Ball,male,Business Owner,81
1583,Kristin,Gilbert,female,Doctor,90
1584,Aaron,Ware,male,Game Developer,88
1585,Danny,Carlson,male,Doctor,86
1586,Julie,Adkins,female,Banker,78
1587,Jerry,Aguirre,male,Business Owner,73
1588,Jason,Thomas,male,Scientist,98
1589,Zachary,Houston,male,Scientist,81
1590,Donna,Hoffman,female,Unknown,73
1591,Austin,Sanders,male,Lawyer,84
1592,Leslie,Mercado,female,Lawyer,81
1593,Derrick,Tucker,male,Banker,100
1594,Kelsey,Alexander,female,Business Owner,83
1595,Rhonda,Smith,female,Accountant,87
1596,Isaac,Santos,male,Designer,96
1597,David,Sloan,male,Software Engineer,98
1598,Amanda,Peterson,female,Game Developer,83
1599,Cynthia,Weeks,female,Business Owner,86
1600,Katherine,Turner,female,Designer,82
1601,Joseph,Patterson,male,Designer,82
1602,Jill,Davis,female,Business Owner,100
1603,Amy,Moore,female,Real Estate Developer,100
1604,Eric,Matthews,male,Business Owner,83
1605,Tamara,Bennett,female,Banker,93
1606,Maria,Perkins,female,Lawyer,86
1607,Jillian,Reed,female,Business Owner,50
1608,Melissa,Mora,female,Business Owner,78
1609,Tina,Smith,female,Software Engineer,91
1610,Rhonda,Munoz,female,Artist,73
1611,Heidi,Johnson,female,Game Developer,99
1612,Joshua,Davis,male,Game Developer,88
1613,Laura,Sanders,female,Lawyer,100
1614,Evan,Francis,male,Unknown,100
1615,Cynthia,Miller,female,Banker,99
1616,Bobby,Miller,male,Banker,81
1617,Justin,Brooks,male,Doctor,90
1618,Kayla,Krueger,female,Unknown,67
1619,Justin,Kim,male,Real Estate Developer,68
1620,Christian,Blankenship,male,Doctor,93
1621,Todd,Williams,male,Construction Engineer,94
1622,Victoria,Perez,female,Business Owner,88
1623,Madeline,Hart,female,Banker,75
1624,Christopher,Meyer,male,Doctor,99
1625,Christopher,Fleming,male,Accountant,93
1626,Karen,Ramsey,female,Lawyer,73
1627,Monica,Dalton,female,Real Estate Developer,64
1628,Gary,Odonnell,male,Lawyer,76
1629,Ann,Scott,female,Stock Investor,91
1630,Jessica,Jackson,female,Business Owner,70
1631,Lauren,Morrison,female,Doctor,90
1632,Alexander,Brown,male,Business Owner,93
1633,Thomas,Smith,male,Unknown,61
1634,Jonathan,Torres,male,Business Owner,51
1635,Robin,Daniel,female,Unknown,91
1636,Anthony,Peterson,male,Accountant,96
1637,Ashley,Blankenship,female,Software Engineer,93
1638,Jennifer,Stewart,female,Unknown,70
1639,James,Compton,male,Doctor,90
1640,David,Bates,male,Unknown,69
1641,Stephanie,Green,female,Software Engineer,89
1642,Garrett,Nichols,male,Software Engineer,86
1643,Erica,Lopez,female,Artist,80
1644,Lisa,Benitez,female,Software Engineer,93
1645,Cheryl,Gutierrez,female,Software Engineer,87
1646,Stephen,Hawkins,male,Stock Investor,86
1647,Natalie,Williams,female,Software Engineer,87
1648,Anthony,Arnold,male,Lawyer,96
1649,Deanna,Coleman,female,Lawyer,90
1650,Lisa,Barber,female,Business Owner,89
1651,Stephanie,Miller,female,Business Owner,98
1652,Amy,White,female,Doctor,99
1653,Beverly,Chavez,female,Business Owner,99
1654,Richard,Cortez,male,Real Estate Developer,55
1655,Kevin,Morgan,male,Government Officer,86
1656,Emily,Hebert,female,Software Engineer,89
1657,Lori,Roberts,female,Software Engineer,94
1658,Robert,Kirby,male,Game Developer,85
1659,Eric,Ross,male,Unknown,78
1660,Rachael,Perry,female,Banker,75
1661,Kenneth,Gallagher,male,Construction Engineer,82
1662,Thomas,Scott,male,Business Owner,41
1663,Elizabeth,Jones,female,Business Owner,44
1664,Matthew,Bartlett,male,Lawyer,81
1665,Kendra,Perez,female,Banker,77
1666,Daniel,Brewer,male,Software Engineer,97
1667,Cody,Tyler,male,Business Owner,66
1668,Nicholas,Conrad,male,Doctor,91
1669,Emma,Morris,female,Accountant,76
1670,David,Brown,male,Software Engineer,97
1671,Charlotte,Zuniga,female,Lawyer,83
1672,Luis,Knight,male,Real Estate Developer,98
1673,Matthew,Moore,male,Doctor,91
1674,Jennifer,Chan,female,Government Officer,82
1675,Christopher,Evans,male,Lawyer,77
1676,Tara,Haynes,female,Software Engineer,95
1677,Jason,Flores,male,Writer,80
1678,David,Flores,male,Software Engineer,89
1679,Patricia,Rivera,female,Government Officer,69
1680,Alexis,Freeman,female,Business Owner,76
1681,Scott,Baxter,male,Doctor,85
1682,Kyle,Rubio,male,Banker,79
1683,Nancy,Montes,female,Teacher,85
1684,Andre,Graham,male,Government Officer,78
1685,Christine,Rivera,female,Unknown,62
1686,William,Holt,male,Stock Investor,93
1687,Tammy,Morris,female,Banker,94
1688,Kimberly,Bates,female,Banker,95
1689,Sheena,Murphy,female,Real Estate Developer,81
1690,Robert,Mccall,male,Accountant,87
1691,Julie,Floyd,female,Business Owner,55
1692,Barry,Taylor,male,Business Owner,77
1693,Dennis,Gonzalez,male,Stock Investor,82
1694,Angel,Williams,male,Artist,81
1695,Ronald,Palmer,male,Software Engineer,99
1696,Dustin,Stanley,male,Real Estate Developer,87
1697,Jennifer,Lewis,female,Business Owner,94
1698,Mark,Gardner,male,Unknown,98
1699,Laura,Barber,female,Lawyer,97
1700,Nicole,Weeks,female,Designer,83
1701,Ricky,Walker,male,Construction Engineer,92
1702,Whitney,Walls,female,Doctor,100
1703,Catherine,May,female,Software Engineer,86
1704,Joel,Williams,male,Business Owner,48
1705,Daisy,Ellis,female,Business Owner,69
1706,Deborah,Miller,female,Unknown,73
1707,David,Hoffman,male,Unknown,82
1708,Rebecca,Pearson,female,Artist,90
1709,Mitchell,Walker,male,Stock Investor,85
1710,James,Sherman,male,Designer,82
1711,Justin,Johnson,male,Game Developer,80
1712,Brenda,Morales,female,Business Owner,41
1713,Jesse,Melton,male,Doctor,99
1714,Jon,Mendoza,male,Lawyer,95
1715,Samantha,Anderson,female,Unknown,76
1716,Lindsay,Love,female,Doctor,91
1717,John,Benson,male,Banker,98
1718,Isaiah,Cruz,male,Construction Engineer,90
1719,Brian,Baker,male,Software Engineer,85
1720,Joshua,Dillon,male,Doctor,100
1721,Christopher,Stephens,male,Scientist,77
1722,Kimberly,Shaw,female,Business Owner,92
1723,Colleen,Vargas,female,Business Owner,53
1724,Mark,Mathews,male,Accountant,79
1725,Teresa,Lopez,female,Designer,85
1726,Laura,Allen,female,Artist,99
1727,Lisa,Sosa,female,Banker,99
1728,Drew,Nelson,male,Business Owner,65
1729,Kimberly,Brooks,female,Software Engineer,94
1730,Carla,Lopez,female,Business Owner,73
1731,Keith,Smith,male,Software Engineer,85
1732,Eric,Erickson,male,Lawyer,87
1733,Juan,Baker,male,Business Owner,77
1734,Kyle,Harrison,male,Scientist,85
1735,Duane,Meyers,male,Software Engineer,91
1736,Marissa,May,female,Software Engineer,86
1737,Shane,Lopez,male,Lawyer,78
1738,Eric,Obrien,male,Lawyer,71
1739,Kevin,Joyce,male,Lawyer,72
1740,Thomas,Ward,male,Software Engineer,88
1741,Toni,Smith,female,Unknown,68
1742,Caitlin,Moody,female,Doctor,81
1743,Justin,Ryan,male,Banker,92
1744,Joseph,Griffin,male,Accountant,84
1745,Dawn,Fox,female,Stock Investor,89
1746,David,Ochoa,male,Software Engineer,94
1747,Bonnie,Brown,female,Unknown,64
1748,Michael,Evans,male,Stock Investor,81
1749,Molly,Meadows,female,Teacher,80
1750,Dana,Peters,female,Unknown,75
1751,Patricia,Phelps,female,Lawyer,87
1752,Maria,Jones,female,Business Owner,58
1753,Anthony,Johns,male,Government Officer,60
1754,David,Schmidt,male,Real Estate Developer,91
1755,Amanda,Cox,female,Scientist,95
1756,William,Patterson,male,Artist,70
1757,Sydney,Wood,female,Lawyer,76
1758,Donald,Fischer,male,Accountant,79
1759,Anthony,Palmer,male,Software Engineer,92
1760,Christina,Garcia,female,Government Officer,89
1761,Misty,Anderson,female,Banker,85
1762,Shannon,Weber,female,Real Estate Developer,92
1763,Jennifer,Palmer,female,Software Engineer,87
1764,Michael,Arnold,male,Accountant,77
1765,James,Hernandez,male,Business Owner,73
1766,Erin,Cannon,female,Lawyer,91
1767,Nicole,Lee,female,Business Owner,76
1768,Jacob,Ross,male,Software Engineer,86
1769,Morgan,Cisneros,female,Banker,81
1770,Amber,Stuart,female,Lawyer,98
1771,Tyler,Griffin,male,Software Engineer,88
1772,Daniel,Gonzalez,male,Scientist,85
1773,Joseph,Jones,male,Lawyer,90
1774,Jessica,Hampton,female,Game Developer,97
1775,Deborah,Butler,female,Government Officer,78
1776,Julie,Black,female,Business Owner,53
1777,Bryan,Dorsey,male,Business Owner,77
1778,Chad,Gomez,male,Lawyer,97
1779,Andrew,Clark,male,Business Owner,88
1780,Brian,Wright,male,Construction Engineer,98
1781,Jessica,Smith,female,Business Owner,92
1782,Thomas,Brooks,male,Software Engineer,92
1783,Kimberly,Knox,female,Doctor,86
1784,Jamie,Mccarthy,male,Designer,91
1785,Kristen,Werner,female,Accountant,92
1786,Jonathan,Weiss,male,Game Developer,82
1787,Renee,Smith,female,Lawyer,99
1788,Tony,Hopkins,male,Software Engineer,95
1789,Thomas,Buckley,male,Software Engineer,100
1790,Debra,Evans,female,Unknown,79
1791,Richard,Bell,male,Business Owner,80
1792,Katelyn,Watkins,female,Doctor,93
1793,Michele,Stout,female,Software Engineer,95
1794,Lisa,Estes,female,Banker,81
1795,Casey,Hall,female,Designer,75
1796,Joshua,Cole,male,Stock Investor,80
1797,Andrew,Jackson,male,Business Owner,52
1798,Karen,Rodriguez,female,Doctor,95
1799,Sara,Johnson,female,Accountant,99
1800,Alyssa,Costa,female,Software Engineer,85
1801,Daniel,Poole,male,Construction Engineer,96
1802,Ricardo,Juarez,male,Game Developer,91
1803,Tony,Castillo,male,Software Engineer,89
1804,Brian,Kelly,male,Doctor,98
1805,Tyler,Moore,male,Unknown,100
1806,Sharon,Martinez,female,Business Owner,75
1807,Mary,Malone,female,Real Estate Developer,74
1808,Rebecca,Huang,female,Doctor,85
1809,Alan,Santos,male,Unknown,86
1810,Martin,Duran,male,Doctor,91
1811,Christopher,Gutierrez,male,Software Engineer,90
1812,Brandy,Maldonado,female,Scientist,91
1813,Brenda,Sanders,female,Business Owner,80
1814,Drew,Mccann,male,Doctor,95
1815,Joshua,Ayala,male,Unknown,94
1816,Tina,Rose,female,Business Owner,54
1817,William,Khan,male,Construction Engineer,87
1818,William,Avery,male,Software Engineer,100
1819,John,Fuller,male,Government Officer,93
1820,Jeremy,Coleman,male,Doctor,99
1821,Laura,Wright,female,Banker,99
1822,David,Luna,male,Stock Investor,76
1823,Christopher,Jensen,male,Software Engineer,92
1824,Luis,Little,male,Doctor,100
1825,Joseph,Garcia,male,Lawyer,89
1826,Michael,York,male,Lawyer,97
1827,Debbie,Landry,female,Doctor,99
1828,Michael,Gordon,male,Scientist,100
1829,Melissa,Harris,female,Banker,86
1830,Jonathon,Wilson,male,Lawyer,77
1831,Margaret,Santos,female,Government Officer,86
1832,Hailey,Arroyo,female,Real Estate Developer,75
1833,Steven,Webster,male,Lawyer,94
1834,Tina,Harrison,female,Designer,94
1835,Andrew,Nunez,male,Banker,89
1836,Renee,Cruz,female,Writer,89
1837,Victoria,Taylor,female,Software Engineer,89
1838,Joseph,Dixon,male,Government Officer,81
1839,Heather,Gutierrez,female,Unknown,93
1840,Cynthia,Hodges,female,Business Owner,79
1841,Danielle,Kelley,female,Unknown,97
1842,Michael,Mccall,male,Banker,78
1843,Dylan,Edwards,male,Accountant,83
1844,Franklin,Riley,male,Stock Investor,86
1845,Caitlin,Duncan,female,Artist,87
1846,Robin,Reeves,female,Lawyer,81
1847,Rebecca,Gibbs,female,Government Officer,83
1848,Peter,Santos,male,Banker,81
1849,Daryl,Arnold,male,Designer,65
1850,Michael,Davis,male,Lawyer,83
1851,Leslie,Cox,female,Doctor,98
1852,Jamie,Carter,female,Doctor,83
1853,Shane,Payne,male,Software Engineer,85
1854,Kimberly,Haley,female,Business Owner,68
1855,George,Duran,male,Government Officer,86
1856,Donald,Carney,male,Government Officer,83
1857,Michelle,Brown,female,Unknown,92
1858,Elizabeth,Hawkins,female,Real Estate Developer,91
1859,Johnny,Gomez,male,Business Owner,53
1860,Christopher,Mcconnell,male,Lawyer,73
1861,Kyle,Rodriguez,male,Banker,97
1862,Rhonda,Cook,female,Government Officer,91
1863,Nathan,Fitzpatrick,male,Banker,91
1864,John,Mitchell,male,Writer,81
1865,Billy,Compton,male,Software Engineer,92
1866,Richard,Chavez,male,Business Owner,85
1867,Victor,Andrade,male,Construction Engineer,83
1868,Gregory,Lee,male,Unknown,92
1869,Alexandra,Blackburn,female,Real Estate Developer,80
1870,Kristopher,Murray,male,Accountant,87
1871,Wanda,Pearson,female,Scientist,88
1872,Denise,Rose,female,Business Owner,41
1873,Andrew,Reed,male,Banker,87
1874,David,Castro,male,Doctor,89
1875,Tim,Duncan,male,Business Owner,89
1876,Joshua,Walker,male,Real Estate Developer,53
1877,Julie,Rogers,female,Scientist,92
1878,Gina,Gilbert,female,Banker,85
1879,Miguel,Nicholson,male,Software Engineer,89
1880,Daniel,Murray,male,Business Owner,98
1881,Lauren,Ellis,female,Business Owner,66
1882,Bridget,Martin,female,Lawyer,90
1883,Maureen,Hart,female,Teacher,84
1884,Sabrina,Davis,female,Lawyer,88
1885,Richard,Davis,male,Unknown,66
1886,Angela,Koch,female,Teacher,86
1887,William,Smith,male,Business Owner,60
1888,Catherine,Coffey,female,Business Owner,41
1889,Christopher,Pace,male,Software Engineer,94
1890,Rachel,Reeves,female,Artist,64
1891,Jillian,Arroyo,female,Game Developer,99
1892,Patricia,Douglas,female,Business Owner,46
1893,Brandon,Butler,male,Software Engineer,89
1894,Erica,Valdez,female,Designer,83
1895,Alexis,Byrd,female,Business Owner,51
1896,James,Simpson,male,Accountant,79
1897,Robert,Campbell,male,Accountant,97
1898,Nicole,Smith,female,Accountant,100
1899,Patricia,Porter,female,Teacher,70
1900,Brian,Chan,male,Unknown,70
1901,Katherine,Norman,female,Teacher,67
1902,Pamela,Gomez,female,Real Estate Developer,71
1903,Amy,Morrow,female,Banker,87
1904,Luke,Hernandez,male,Game Developer,80
1905,Roberto,Rodriguez,male,Software Engineer,94
1906,Carla,Jackson,female,Real Estate Developer,83
1907,Aaron,Allen,male,Business Owner,63
1908,Wendy,Burch,female,Unknown,93
1909,Sarah,Hansen,female,Doctor,94
1910,Amy,Dominguez,female,Software Engineer,99
1911,Mark,Jacobs,male,Doctor,82
1912,Melissa,Mendoza,female,Software Engineer,95
1913,Bethany,Thomas,female,Business Owner,55
1914,Michael,Webb,male,Software Engineer,90
1915,Gregory,Cole,male,Business Owner,46
1916,Jeffrey,Miller,male,Accountant,91
1917,Rebecca,Castillo,female,Writer,72
1918,Amanda,Green,female,Banker,79
1919,Joseph,Hess,male,Construction Engineer,85
1920,Kyle,Novak,male,Lawyer,100
1921,Kara,Coleman,female,Banker,96
1922,Daniel,Martin,male,Banker,85
1923,Andrea,Richards,female,Software Engineer,90
1924,Sydney,Clay,female,Banker,94
1925,Jeremy,Tran,male,Construction Engineer,98
1926,Michael,Hayden,male,Business Owner,62
1927,Antonio,Beasley,male,Artist,63
1928,Michelle,Lopez,female,Lawyer,72
1929,Catherine,Brooks,female,Software Engineer,94
1930,Anita,Gonzalez,female,Banker,99
1931,James,Hudson,male,Unknown,81
1932,Alicia,Rodriguez,female,Teacher,61
1933,Tracy,Martinez,female,Teacher,68
1934,Christopher,Montgomery,male,Unknown,64
1935,Sherri,Cruz,female,Government Officer,66
1936,Elizabeth,Adams,female,Software Engineer,100
1937,Melissa,Simmons,female,Government Officer,74
1938,Carol,Ramos,female,Artist,96
1939,Michael,Adams,male,Software Engineer,90
1940,Michael,Wilson,male,Accountant,92
1941,Matthew,Gonzalez,male,Doctor,99
1942,Lisa,Palmer,female,Unknown,63
1943,Andrew,Olson,male,Accountant,98
1944,Jennifer,Johnson,female,Unknown,87
1945,Benjamin,Marks,male,Software Engineer,96
1946,Christopher,Gonzales,male,Stock Investor,80
1947,Melissa,Finley,female,Unknown,80
1948,Tracy,Hendricks,male,Software Engineer,91
1949,Steven,Ramsey,male,Business Owner,91
1950,Pamela,Smith,female,Banker,83
1951,Vicki,Jackson,female,Lawyer,89
1952,Anne,Malone,female,Game Developer,81
1953,Danielle,Johnson,female,Writer,97
1954,Willie,Miller,male,Real Estate Developer,93
1955,Andrea,Delgado,female,Game Developer,99
1956,Melanie,Clark,female,Software Engineer,95
1957,Jessica,Beasley,female,Doctor,100
1958,Cindy,Bradley,female,Artist,62
1959,Dennis,Richardson,male,Game Developer,88
1960,Peggy,Hoover,female,Teacher,75
1961,Peter,Rice,male,Game Developer,87
1962,Sabrina,Perez,female,Unknown,85
1963,Michael,Parker,male,Doctor,88
1964,David,Calderon,male,Doctor,86
1965,James,Gordon,male,Government Officer,68
1966,Jennifer,Leblanc,female,Business Owner,67
1967,Paul,Bailey,male,Business Owner,82
1968,Tiffany,Smith,female,Unknown,86
1969,Victoria,Alvarez,female,Software Engineer,95
1970,Willie,Elliott,male,Real Estate Developer,72
1971,James,Bryant,male,Accountant,99
1972,Kimberly,Swanson,female,Banker,75
1973,Beverly,Dawson,female,Scientist,77
1974,Lisa,Stewart,female,Software Engineer,95
1975,Dwayne,Sims,male,Banker,77
1976,Ashley,Fleming,female,Designer,90
1977,Lisa,Stafford,female,Business Owner,74
1978,Kristin,Garcia,female,Business Owner,56
1979,Eric,Adkins,male,Business Owner,72
1980,Allison,Henderson,female,Lawyer,87
1981,Alison,Palmer,female,Lawyer,80
1982,Shane,Parker,male,Software Engineer,98
1983,Debra,Gilbert,female,Teacher,83
1984,Mary,Jackson,female,Banker,92
1985,Joshua,Stuart,male,Banker,79
1986,Benjamin,Williams,male,Government Officer,72
1987,David,Frank,male,Doctor,89
1988,Holly,Erickson,female,Designer,97
1989,Charles,Miller,male,Unknown,66
1990,Samuel,Baker,male,Stock Investor,77
1991,Anthony,Moore,male,Software Engineer,98
1992,Charlotte,Rowe,female,Lawyer,88
1993,John,Peterson,male,Banker,79
1994,Shawn,Ochoa,male,Doctor,92
1995,Steven,Lewis,male,Accountant,76
1996,Alan,Reynolds,male,Construction Engineer,83
1997,Thomas,Gilbert,male,Software Engineer,89
1998,Madison,Cross,female,Software Engineer,97
1999,Brittany,Compton,female,Business Owner,51
2000,Natalie,Smith,female,Accountant,82
